"nge_object_id","field_search_id","sport_name","description","image_url","detect_confidence","predicted_field_type","predicted_sport","predicted_field_type_probability","predicted_sport_type_probability","predicted_large_field_type","predicted_large_sport","large_predicted_field_type_probability","large_predicted_sport_type_probability","detected_sport"
905,9732,"Stadium","box: (x1, y1) = (158,319), (x2, y2) = (493,2), width = 335 height = 240 image: width = 640, height = 640 original_ground_resolution = 0.40230500093112853, new ground_resolution = 0.40230499777471446 new_gps_location: 47.64702596965349, -122.37848293016357","https://earth.google.com/web/@47.64702596965349,-122.37848293016357,4.1972381a,15000d","0.80, 0.67, 0.61","Turf","Soccer","0.999941468238831","0.997227728366852","Buildings","Buildings","0.886102020740509","0.614629745483398","Stadium, Baseball"
790,9737,"Baseball","box: (x1, y1) = (222,511), (x2, y2) = (305,2), width = 83 height = 82 image: width = 640, height = 640 original_ground_resolution = 0.40253830399113505, new ground_resolution = 0.40253830083289055 new_gps_location: 47.61645299074634, -122.31933311559558","https://earth.google.com/web/@47.61645299074634,-122.31933311559558,4.1972381a,15000d","0.83, 0.57","Buildings","Buildings","0.984026908874512","0.503249228000641","Buildings","Buildings","0.755008220672607","0.922152161598206","Basketball, Baseball"
906,9737,"Baseball","box: (x1, y1) = (222,511), (x2, y2) = (305,2), width = 83 height = 82 image: width = 640, height = 640 original_ground_resolution = 0.40253830399113505, new ground_resolution = 0.40253830083289055 new_gps_location: 47.61645299074634, -122.31933311559558","https://earth.google.com/web/@47.61645299074634,-122.31933311559558,4.1972381a,15000d","0.83, 0.57","Buildings","Buildings","0.984026908874512","0.503249228000641","Buildings","Buildings","0.755008220672607","0.922152161598206","Basketball, Baseball"
791,9738,"Baseball","box: (x1, y1) = (414,29), (x2, y2) = (532,2), width = 118 height = 116 image: width = 640, height = 640 original_ground_resolution = 0.40274292245178, new ground_resolution = 0.40274291929193 new_gps_location: 47.591002818175944, -122.33292986111643","https://earth.google.com/web/@47.591002818175944,-122.33292986111643,4.1972381a,15000d","0.94, 0.50","Buildings","Buildings","0.9986252784729","0.89589387178421","Grass","Soccer","0.999897480010986","0.924260914325714","Stadium, Baseball"
792,9738,"Stadium","box: (x1, y1) = (249,0), (x2, y2) = (640,2), width = 391 height = 294 image: width = 640, height = 640 original_ground_resolution = 0.40274292245178, new ground_resolution = 0.40274291929193 new_gps_location: 47.590856419236054, -122.33303478025121","https://earth.google.com/web/@47.590856419236054,-122.33303478025121,4.1972381a,15000d","0.94, 0.54","Grass","Soccer","0.998935520648956","0.841561853885651","Grass","Soccer","0.999851107597351","0.864721834659576","Stadium, Baseball"
907,9738,"Baseball","box: (x1, y1) = (414,29), (x2, y2) = (532,2), width = 118 height = 116 image: width = 640, height = 640 original_ground_resolution = 0.40274292245178, new ground_resolution = 0.40274291929193 new_gps_location: 47.591002818175944, -122.33292986111643","https://earth.google.com/web/@47.591002818175944,-122.33292986111643,4.1972381a,15000d","0.94, 0.50","Buildings","Buildings","0.9986252784729","0.89589387178421","Grass","Soccer","0.999897480010986","0.924260914325714","Stadium, Baseball"
908,9738,"Stadium","box: (x1, y1) = (249,0), (x2, y2) = (640,2), width = 391 height = 294 image: width = 640, height = 640 original_ground_resolution = 0.40274292245178, new ground_resolution = 0.40274291929193 new_gps_location: 47.590856419236054, -122.33303478025121","https://earth.google.com/web/@47.590856419236054,-122.33303478025121,4.1972381a,15000d","0.94, 0.54","Grass","Soccer","0.998935520648956","0.841561853885651","Grass","Soccer","0.999851107597351","0.864721834659576","Stadium, Baseball"
793,9739,"Soccer","box: (x1, y1) = (177,119), (x2, y2) = (615,2), width = 438 height = 220 image: width = 640, height = 640 original_ground_resolution = 0.4018413263330217, new ground_resolution = 0.4018413231802456 new_gps_location: 47.70770714700049, -122.29228325504616","https://earth.google.com/web/@47.70770714700049,-122.29228325504616,4.1972381a,15000d","0.91","Turf","Soccer","1","0.999997973442078","Buildings","Buildings","0.631951987743378","0.507895529270172","Soccer"
909,9739,"Soccer","box: (x1, y1) = (177,119), (x2, y2) = (615,2), width = 438 height = 220 image: width = 640, height = 640 original_ground_resolution = 0.4018413263330217, new ground_resolution = 0.4018413231802456 new_gps_location: 47.70770714700049, -122.29228325504616","https://earth.google.com/web/@47.70770714700049,-122.29228325504616,4.1972381a,15000d","0.91","Turf","Soccer","1","0.999997973442078","Buildings","Buildings","0.631951987743378","0.507895529270172","Soccer"
794,9740,"Tennis","box: (x1, y1) = (123,157), (x2, y2) = (150,2), width = 27 height = 60 image: width = 640, height = 640 original_ground_resolution = 0.40213880368723703, new ground_resolution = 0.4021388005321269 new_gps_location: 47.66921304687952, -122.34289469527278","https://earth.google.com/web/@47.66921304687952,-122.34289469527278,4.1972381a,15000d","0.88, 0.88, 0.87, 0.88, 0.88, 0.86, 0.85, 0.81, 0.81, 0.79, 0.65, 0.54, 0.51","Synthetic","Tennis","0.997136950492859","0.995272219181061","Grass","Soccer","0.953864872455597","0.916105031967163","Tennis, Baseball"
795,9740,"Tennis","box: (x1, y1) = (124,59), (x2, y2) = (150,2), width = 26 height = 60 image: width = 640, height = 640 original_ground_resolution = 0.40213880368723703, new ground_resolution = 0.4021388005321269 new_gps_location: 47.669451448559926, -122.34289108279847","https://earth.google.com/web/@47.669451448559926,-122.34289108279847,4.1972381a,15000d","0.89, 0.88, 0.86, 0.87, 0.87, 0.85, 0.84, 0.84, 0.76, 0.68, 0.68, 0.67, 0.60","Synthetic","Tennis","0.947600960731506","0.602970898151398","Grass","Soccer","0.912564337253571","0.931040644645691","Tennis, Baseball"
796,9740,"Tennis","box: (x1, y1) = (122,339), (x2, y2) = (149,2), width = 27 height = 60 image: width = 640, height = 640 original_ground_resolution = 0.40213880368723703, new ground_resolution = 0.4021388005321269 new_gps_location: 47.66877029801246, -122.34289830774709","https://earth.google.com/web/@47.66877029801246,-122.34289830774709,4.1972381a,15000d","0.90, 0.87, 0.84, 0.87, 0.86, 0.83, 0.82, 0.78, 0.69","Synthetic","Tennis","0.600527942180634","0.947307765483856","Grass","Soccer","0.98341178894043","0.859649121761322","Tennis, Baseball"
797,9740,"Tennis","box: (x1, y1) = (122,247), (x2, y2) = (149,2), width = 27 height = 60 image: width = 640, height = 640 original_ground_resolution = 0.40213880368723703, new ground_resolution = 0.4021388005321269 new_gps_location: 47.6689941056015, -122.34289830774709","https://earth.google.com/web/@47.6689941056015,-122.34289830774709,4.1972381a,15000d","0.90, 0.89, 0.87, 0.88, 0.88, 0.86, 0.86, 0.84, 0.82, 0.80, 0.62, 0.56","Synthetic","Tennis","0.983543634414673","0.889850854873657","Grass","Soccer","0.949122965335846","0.890785217285156","Tennis, Baseball"
798,9740,"Tennis","box: (x1, y1) = (122,0), (x2, y2) = (150,2), width = 28 height = 28 image: width = 640, height = 640 original_ground_resolution = 0.40213880368723703, new ground_resolution = 0.4021388005321269 new_gps_location: 47.66963389808994, -122.34289469527278","https://earth.google.com/web/@47.66963389808994,-122.34289469527278,4.1972381a,15000d","0.89, 0.89, 0.87, 0.88, 0.88, 0.86, 0.85, 0.72, 0.68, 0.52, 0.46","Synthetic","Tennis","0.999759018421173","0.998844981193542","Grass","Soccer","0.919364273548126","0.930327653884888","Tennis, Baseball"
799,9740,"Tennis","box: (x1, y1) = (88,156), (x2, y2) = (112,2), width = 24 height = 60 image: width = 640, height = 640 original_ground_resolution = 0.40213880368723703, new ground_resolution = 0.4021388005321269 new_gps_location: 47.66921547955523, -122.34302474434789","https://earth.google.com/web/@47.66921547955523,-122.34302474434789,4.1972381a,15000d","0.89, 0.88, 0.86, 0.87, 0.87, 0.85, 0.85, 0.82, 0.67, 0.65, 0.64, 0.55, 0.45","Synthetic","Tennis","0.999996542930603","0.999998927116394","Grass","Soccer","0.990694761276245","0.875915825366974","Tennis, Baseball"
800,9740,"Soccer","box: (x1, y1) = (264,1), (x2, y2) = (611,2), width = 347 height = 244 image: width = 640, height = 640 original_ground_resolution = 0.40213880368723703, new ground_resolution = 0.4021388005321269 new_gps_location: 47.66936873789621, -122.34180734050591","https://earth.google.com/web/@47.66936873789621,-122.34180734050591,4.1972381a,15000d","0.92, 0.90, 0.87, 0.89, 0.87, 0.87, 0.86, 0.85, 0.85, 0.80, 0.79, 0.72","Grass","Soccer","0.974067509174347","0.997241973876953","Grass","Soccer","0.899233520030975","0.990060329437256","Soccer, Tennis, Baseball"
801,9740,"Tennis","box: (x1, y1) = (88,339), (x2, y2) = (113,2), width = 25 height = 61 image: width = 640, height = 640 original_ground_resolution = 0.40213880368723703, new ground_resolution = 0.4021388005321269 new_gps_location: 47.66877029801246, -122.34302474434789","https://earth.google.com/web/@47.66877029801246,-122.34302474434789,4.1972381a,15000d","0.88, 0.88, 0.86, 0.87, 0.87, 0.85, 0.76, 0.73, 0.72, 0.64","Synthetic","Tennis","0.999998092651367","0.999905228614807","Grass","Soccer","0.992693305015564","0.812119722366333","Tennis, Baseball"
802,9740,"Tennis","box: (x1, y1) = (88,246), (x2, y2) = (113,2), width = 25 height = 62 image: width = 640, height = 640 original_ground_resolution = 0.40213880368723703, new ground_resolution = 0.4021388005321269 new_gps_location: 47.6689941056015, -122.34302474434789","https://earth.google.com/web/@47.6689941056015,-122.34302474434789,4.1972381a,15000d","0.90, 0.89, 0.86, 0.88, 0.88, 0.85, 0.84, 0.84, 0.70, 0.58, 0.58, 0.54, 0.47","Synthetic","Tennis","0.99999988079071","0.999776780605316","Grass","Soccer","0.991353213787079","0.860929191112518","Tennis, Baseball"
910,9740,"Tennis","box: (x1, y1) = (123,157), (x2, y2) = (150,2), width = 27 height = 60 image: width = 640, height = 640 original_ground_resolution = 0.40213880368723703, new ground_resolution = 0.4021388005321269 new_gps_location: 47.66921304687952, -122.34289469527278","https://earth.google.com/web/@47.66921304687952,-122.34289469527278,4.1972381a,15000d","0.88, 0.88, 0.87, 0.88, 0.88, 0.86, 0.85, 0.81, 0.81, 0.79, 0.65, 0.54, 0.51","Synthetic","Tennis","0.997136950492859","0.995272219181061","Grass","Soccer","0.953864872455597","0.916105031967163","Tennis, Baseball"
911,9740,"Tennis","box: (x1, y1) = (124,59), (x2, y2) = (150,2), width = 26 height = 60 image: width = 640, height = 640 original_ground_resolution = 0.40213880368723703, new ground_resolution = 0.4021388005321269 new_gps_location: 47.669451448559926, -122.34289108279847","https://earth.google.com/web/@47.669451448559926,-122.34289108279847,4.1972381a,15000d","0.89, 0.88, 0.86, 0.87, 0.87, 0.85, 0.84, 0.84, 0.76, 0.68, 0.68, 0.67, 0.60","Synthetic","Tennis","0.947600960731506","0.602970898151398","Grass","Soccer","0.912564337253571","0.931040644645691","Tennis, Baseball"
912,9740,"Tennis","box: (x1, y1) = (122,339), (x2, y2) = (149,2), width = 27 height = 60 image: width = 640, height = 640 original_ground_resolution = 0.40213880368723703, new ground_resolution = 0.4021388005321269 new_gps_location: 47.66877029801246, -122.34289830774709","https://earth.google.com/web/@47.66877029801246,-122.34289830774709,4.1972381a,15000d","0.90, 0.87, 0.84, 0.87, 0.86, 0.83, 0.82, 0.78, 0.69","Synthetic","Tennis","0.600527942180634","0.947307765483856","Grass","Soccer","0.98341178894043","0.859649121761322","Tennis, Baseball"
913,9740,"Tennis","box: (x1, y1) = (122,247), (x2, y2) = (149,2), width = 27 height = 60 image: width = 640, height = 640 original_ground_resolution = 0.40213880368723703, new ground_resolution = 0.4021388005321269 new_gps_location: 47.6689941056015, -122.34289830774709","https://earth.google.com/web/@47.6689941056015,-122.34289830774709,4.1972381a,15000d","0.90, 0.89, 0.87, 0.88, 0.88, 0.86, 0.86, 0.84, 0.82, 0.80, 0.62, 0.56","Synthetic","Tennis","0.983543634414673","0.889850854873657","Grass","Soccer","0.949122965335846","0.890785217285156","Tennis, Baseball"
914,9740,"Tennis","box: (x1, y1) = (122,0), (x2, y2) = (150,2), width = 28 height = 28 image: width = 640, height = 640 original_ground_resolution = 0.40213880368723703, new ground_resolution = 0.4021388005321269 new_gps_location: 47.66963389808994, -122.34289469527278","https://earth.google.com/web/@47.66963389808994,-122.34289469527278,4.1972381a,15000d","0.89, 0.89, 0.87, 0.88, 0.88, 0.86, 0.85, 0.72, 0.68, 0.52, 0.46","Synthetic","Tennis","0.999759018421173","0.998844981193542","Grass","Soccer","0.919364273548126","0.930327653884888","Tennis, Baseball"
915,9740,"Tennis","box: (x1, y1) = (88,156), (x2, y2) = (112,2), width = 24 height = 60 image: width = 640, height = 640 original_ground_resolution = 0.40213880368723703, new ground_resolution = 0.4021388005321269 new_gps_location: 47.66921547955523, -122.34302474434789","https://earth.google.com/web/@47.66921547955523,-122.34302474434789,4.1972381a,15000d","0.89, 0.88, 0.86, 0.87, 0.87, 0.85, 0.85, 0.82, 0.67, 0.65, 0.64, 0.55, 0.45","Synthetic","Tennis","0.999996542930603","0.999998927116394","Grass","Soccer","0.990694761276245","0.875915825366974","Tennis, Baseball"
916,9740,"Soccer","box: (x1, y1) = (264,1), (x2, y2) = (611,2), width = 347 height = 244 image: width = 640, height = 640 original_ground_resolution = 0.40213880368723703, new ground_resolution = 0.4021388005321269 new_gps_location: 47.66936873789621, -122.34180734050591","https://earth.google.com/web/@47.66936873789621,-122.34180734050591,4.1972381a,15000d","0.92, 0.90, 0.87, 0.89, 0.87, 0.87, 0.86, 0.85, 0.85, 0.80, 0.79, 0.72","Grass","Soccer","0.974067509174347","0.997241973876953","Grass","Soccer","0.899233520030975","0.990060329437256","Soccer, Tennis, Baseball"
917,9740,"Tennis","box: (x1, y1) = (88,339), (x2, y2) = (113,2), width = 25 height = 61 image: width = 640, height = 640 original_ground_resolution = 0.40213880368723703, new ground_resolution = 0.4021388005321269 new_gps_location: 47.66877029801246, -122.34302474434789","https://earth.google.com/web/@47.66877029801246,-122.34302474434789,4.1972381a,15000d","0.88, 0.88, 0.86, 0.87, 0.87, 0.85, 0.76, 0.73, 0.72, 0.64","Synthetic","Tennis","0.999998092651367","0.999905228614807","Grass","Soccer","0.992693305015564","0.812119722366333","Tennis, Baseball"
918,9740,"Tennis","box: (x1, y1) = (88,246), (x2, y2) = (113,2), width = 25 height = 62 image: width = 640, height = 640 original_ground_resolution = 0.40213880368723703, new ground_resolution = 0.4021388005321269 new_gps_location: 47.6689941056015, -122.34302474434789","https://earth.google.com/web/@47.6689941056015,-122.34302474434789,4.1972381a,15000d","0.90, 0.89, 0.86, 0.88, 0.88, 0.85, 0.84, 0.84, 0.70, 0.58, 0.58, 0.54, 0.47","Synthetic","Tennis","0.99999988079071","0.999776780605316","Grass","Soccer","0.991353213787079","0.860929191112518","Tennis, Baseball"
803,9741,"Tennis","box: (x1, y1) = (464,85), (x2, y2) = (493,2), width = 29 height = 62 image: width = 640, height = 640 original_ground_resolution = 0.4026153495415011, new ground_resolution = 0.4026153463826521 new_gps_location: 47.60750744344928, -122.30069475267956","https://earth.google.com/web/@47.60750744344928,-122.30069475267956,4.1972381a,15000d","0.90, 0.70, 0.54, 0.47","Buildings","Buildings","0.999982476234436","0.908967852592468","Grass","Soccer","0.996805667877197","0.593398571014404","Soccer, Tennis, Baseball"
804,9741,"Baseball","box: (x1, y1) = (182,363), (x2, y2) = (301,2), width = 119 height = 115 image: width = 640, height = 640 original_ground_resolution = 0.4026153495415011, new ground_resolution = 0.4026153463826521 new_gps_location: 47.60676615344399, -122.30155192366026","https://earth.google.com/web/@47.60676615344399,-122.30155192366026,4.1972381a,15000d","0.91, 0.90, 0.72, 0.60","Turf","Baseball","0.75238835811615","0.913389027118683","Buildings","Buildings","0.999939918518066","0.513220191001892","Soccer, Tennis, Baseball"
919,9741,"Tennis","box: (x1, y1) = (464,85), (x2, y2) = (493,2), width = 29 height = 62 image: width = 640, height = 640 original_ground_resolution = 0.4026153495415011, new ground_resolution = 0.4026153463826521 new_gps_location: 47.60750744344928, -122.30069475267956","https://earth.google.com/web/@47.60750744344928,-122.30069475267956,4.1972381a,15000d","0.90, 0.70, 0.54, 0.47","Buildings","Buildings","0.999982476234436","0.908967852592468","Grass","Soccer","0.996805667877197","0.593398571014404","Soccer, Tennis, Baseball"
920,9741,"Baseball","box: (x1, y1) = (182,363), (x2, y2) = (301,2), width = 119 height = 115 image: width = 640, height = 640 original_ground_resolution = 0.4026153495415011, new ground_resolution = 0.4026153463826521 new_gps_location: 47.60676615344399, -122.30155192366026","https://earth.google.com/web/@47.60676615344399,-122.30155192366026,4.1972381a,15000d","0.91, 0.90, 0.72, 0.60","Turf","Baseball","0.75238835811615","0.913389027118683","Buildings","Buildings","0.999939918518066","0.513220191001892","Soccer, Tennis, Baseball"
805,9744,"Tennis","box: (x1, y1) = (489,34), (x2, y2) = (519,2), width = 30 height = 62 image: width = 640, height = 640 original_ground_resolution = 0.4014799535943496, new ground_resolution = 0.4014799504444088 new_gps_location: 47.7549594014832, -122.33809669374061","https://earth.google.com/web/@47.7549594014832,-122.33809669374061,4.1972381a,15000d","0.89, 0.81, 0.81","Synthetic","Basketball","0.993462562561035","0.958309173583984","Synthetic","Basketball","0.884360909461975","0.987215757369995","Tennis, Baseball"
806,9744,"Tennis","box: (x1, y1) = (527,30), (x2, y2) = (557,2), width = 30 height = 64 image: width = 640, height = 640 original_ground_resolution = 0.4014799535943496, new ground_resolution = 0.4014799504444088 new_gps_location: 47.75496667557457, -122.33795964462182","https://earth.google.com/web/@47.75496667557457,-122.33795964462182,4.1972381a,15000d","0.82, 0.82, 0.80","Synthetic","Basketball","0.988016843795776","0.671871423721313","Synthetic","Basketball","0.790059149265289","0.989953100681305","Tennis, Baseball"
921,9744,"Tennis","box: (x1, y1) = (489,34), (x2, y2) = (519,2), width = 30 height = 62 image: width = 640, height = 640 original_ground_resolution = 0.4014799535943496, new ground_resolution = 0.4014799504444088 new_gps_location: 47.7549594014832, -122.33809669374061","https://earth.google.com/web/@47.7549594014832,-122.33809669374061,4.1972381a,15000d","0.89, 0.81, 0.81","Synthetic","Basketball","0.993462562561035","0.958309173583984","Synthetic","Basketball","0.884360909461975","0.987215757369995","Tennis, Baseball"
922,9744,"Tennis","box: (x1, y1) = (527,30), (x2, y2) = (557,2), width = 30 height = 64 image: width = 640, height = 640 original_ground_resolution = 0.4014799535943496, new ground_resolution = 0.4014799504444088 new_gps_location: 47.75496667557457, -122.33795964462182","https://earth.google.com/web/@47.75496667557457,-122.33795964462182,4.1972381a,15000d","0.82, 0.82, 0.80","Synthetic","Basketball","0.988016843795776","0.671871423721313","Synthetic","Basketball","0.790059149265289","0.989953100681305","Tennis, Baseball"
807,9745,"Baseball","box: (x1, y1) = (205,197), (x2, y2) = (289,2), width = 84 height = 82 image: width = 640, height = 640 original_ground_resolution = 0.4025470457012116, new ground_resolution = 0.40254704254289836 new_gps_location: 47.6160828854891, -122.31930797833746","https://earth.google.com/web/@47.6160828854891,-122.31930797833746,4.1972381a,15000d","0.88","Turf","Soccer","1","0.990623891353607","Synthetic","Basketball","0.608800113201141","0.69462788105011","Baseball"
923,9745,"Baseball","box: (x1, y1) = (205,197), (x2, y2) = (289,2), width = 84 height = 82 image: width = 640, height = 640 original_ground_resolution = 0.4025470457012116, new ground_resolution = 0.40254704254289836 new_gps_location: 47.6160828854891, -122.31930797833746","https://earth.google.com/web/@47.6160828854891,-122.31930797833746,4.1972381a,15000d","0.88","Turf","Soccer","1","0.990623891353607","Synthetic","Basketball","0.608800113201141","0.69462788105011","Baseball"
808,9747,"Soccer","box: (x1, y1) = (183,147), (x2, y2) = (430,2), width = 247 height = 348 image: width = 640, height = 640 original_ground_resolution = 0.40283800701549916, new ground_resolution = 0.40283800385490326 new_gps_location: 47.578074558842246, -122.38536366257502","https://earth.google.com/web/@47.578074558842246,-122.38536366257502,4.1972381a,15000d","0.86, 0.84","Turf","Soccer","1","1","Synthetic","Basketball","0.990836620330811","0.968854069709778","Tennis, Soccer"
809,9747,"Tennis","box: (x1, y1) = (356,49), (x2, y2) = (384,2), width = 28 height = 60 image: width = 640, height = 640 original_ground_resolution = 0.40283800701549916, new ground_resolution = 0.40283800385490326 new_gps_location: 47.57866531569898, -122.38513206223205","https://earth.google.com/web/@47.57866531569898,-122.38513206223205,4.1972381a,15000d","0.89, 0.86, 0.56","Grass","Soccer","0.993451714515686","0.991193830966949","Synthetic","Basketball","0.986271262168884","0.921405076980591","Tennis, Baseball, Soccer"
924,9747,"Soccer","box: (x1, y1) = (183,147), (x2, y2) = (430,2), width = 247 height = 348 image: width = 640, height = 640 original_ground_resolution = 0.40283800701549916, new ground_resolution = 0.40283800385490326 new_gps_location: 47.578074558842246, -122.38536366257502","https://earth.google.com/web/@47.578074558842246,-122.38536366257502,4.1972381a,15000d","0.86, 0.84","Turf","Soccer","1","1","Synthetic","Basketball","0.990836620330811","0.968854069709778","Tennis, Soccer"
925,9747,"Tennis","box: (x1, y1) = (356,49), (x2, y2) = (384,2), width = 28 height = 60 image: width = 640, height = 640 original_ground_resolution = 0.40283800701549916, new ground_resolution = 0.40283800385490326 new_gps_location: 47.57866531569898, -122.38513206223205","https://earth.google.com/web/@47.57866531569898,-122.38513206223205,4.1972381a,15000d","0.89, 0.86, 0.56","Grass","Soccer","0.993451714515686","0.991193830966949","Synthetic","Basketball","0.986271262168884","0.921405076980591","Tennis, Baseball, Soccer"
810,9748,"Baseball","box: (x1, y1) = (248,317), (x2, y2) = (364,2), width = 116 height = 115 image: width = 640, height = 640 original_ground_resolution = 0.40273493690567397, new ground_resolution = 0.40273493374588665 new_gps_location: 47.59134024476624, -122.33263384961249","https://earth.google.com/web/@47.59134024476624,-122.33263384961249,4.1972381a,15000d","0.93, 0.64","Grass","Soccer","0.913185715675354","0.911155641078949","Grass","Soccer","0.999286592006683","0.948265075683594","Stadium, Baseball"
811,9748,"Stadium","box: (x1, y1) = (148,76), (x2, y2) = (538,2), width = 390 height = 496 image: width = 640, height = 640 original_ground_resolution = 0.40273493690567397, new ground_resolution = 0.40273493374588665 new_gps_location: 47.591462240364436, -122.33249998992234","https://earth.google.com/web/@47.591462240364436,-122.33249998992234,4.1972381a,15000d","0.94, 0.53","Turf","Baseball","0.989498019218445","0.714564919471741","Grass","Soccer","0.998718738555908","0.962765455245972","Stadium, Baseball"
926,9748,"Baseball","box: (x1, y1) = (248,317), (x2, y2) = (364,2), width = 116 height = 115 image: width = 640, height = 640 original_ground_resolution = 0.40273493690567397, new ground_resolution = 0.40273493374588665 new_gps_location: 47.59134024476624, -122.33263384961249","https://earth.google.com/web/@47.59134024476624,-122.33263384961249,4.1972381a,15000d","0.93, 0.64","Grass","Soccer","0.913185715675354","0.911155641078949","Grass","Soccer","0.999286592006683","0.948265075683594","Stadium, Baseball"
927,9748,"Stadium","box: (x1, y1) = (148,76), (x2, y2) = (538,2), width = 390 height = 496 image: width = 640, height = 640 original_ground_resolution = 0.40273493690567397, new ground_resolution = 0.40273493374588665 new_gps_location: 47.591462240364436, -122.33249998992234","https://earth.google.com/web/@47.591462240364436,-122.33249998992234,4.1972381a,15000d","0.94, 0.53","Turf","Baseball","0.989498019218445","0.714564919471741","Grass","Soccer","0.998718738555908","0.962765455245972","Stadium, Baseball"
812,9750,"Baseball","box: (x1, y1) = (368,402), (x2, y2) = (483,2), width = 115 height = 113 image: width = 640, height = 640 original_ground_resolution = 0.4029639465652271, new ground_resolution = 0.4029639434036431 new_gps_location: 47.56136890848286, -122.28592291189722","https://earth.google.com/web/@47.56136890848286,-122.28592291189722,4.1972381a,15000d","0.96, 0.89, 0.86, 0.89, 0.89, 0.80","Grass","Baseball","0.733266294002533","0.618424654006958","Grass","Soccer","0.999805271625519","0.906270682811737","Tennis, Baseball"
813,9750,"Tennis","box: (x1, y1) = (160,83), (x2, y2) = (187,2), width = 27 height = 60 image: width = 640, height = 640 original_ground_resolution = 0.4029639465652271, new ground_resolution = 0.4029639434036431 new_gps_location: 47.56221163320886, -122.28683512334388","https://earth.google.com/web/@47.56221163320886,-122.28683512334388,4.1972381a,15000d","0.92, 0.90, 0.87, 0.89, 0.88, 0.86, 0.54","Synthetic","Tennis","0.999718248844147","0.999835610389709","Synthetic","Basketball","0.990305066108704","0.818612277507782","Basketball, Tennis, Baseball"
814,9750,"Tennis","box: (x1, y1) = (244,84), (x2, y2) = (271,2), width = 27 height = 60 image: width = 640, height = 640 original_ground_resolution = 0.4029639465652271, new ground_resolution = 0.4029639434036431 new_gps_location: 47.56220919054809, -122.28653105286166","https://earth.google.com/web/@47.56220919054809,-122.28653105286166,4.1972381a,15000d","0.90, 0.89, 0.87, 0.89, 0.87, 0.84, 0.68","Synthetic","Tennis","0.990829944610596","0.983216881752014","Grass","Soccer","0.992078363895416","0.703819751739502","Basketball, Tennis, Baseball"
815,9750,"Tennis","box: (x1, y1) = (207,83), (x2, y2) = (233,2), width = 26 height = 61 image: width = 640, height = 640 original_ground_resolution = 0.4029639465652271, new ground_resolution = 0.4029639434036431 new_gps_location: 47.56221163320886, -122.2866649886693","https://earth.google.com/web/@47.56221163320886,-122.2866649886693,4.1972381a,15000d","0.90, 0.90, 0.87, 0.89, 0.88, 0.84, 0.58","Synthetic","Tennis","0.99604743719101","0.996289610862732","Synthetic","Basketball","0.990778088569641","0.464554995298386","Basketball, Tennis, Baseball"
816,9750,"Basketball","box: (x1, y1) = (358,79), (x2, y2) = (396,2), width = 38 height = 66 image: width = 640, height = 640 original_ground_resolution = 0.4029639465652271, new ground_resolution = 0.4029639434036431 new_gps_location: 47.56221407586953, -122.2860966664585","https://earth.google.com/web/@47.56221407586953,-122.2860966664585,4.1972381a,15000d","0.92, 0.90, 0.87, 0.88, 0.88, 0.74, 0.72","Synthetic","Basketball","0.999601185321808","0.538572788238525","Synthetic","Basketball","0.976809084415436","0.483487963676453","Basketball, Tennis, Baseball"
928,9750,"Baseball","box: (x1, y1) = (368,402), (x2, y2) = (483,2), width = 115 height = 113 image: width = 640, height = 640 original_ground_resolution = 0.4029639465652271, new ground_resolution = 0.4029639434036431 new_gps_location: 47.56136890848286, -122.28592291189722","https://earth.google.com/web/@47.56136890848286,-122.28592291189722,4.1972381a,15000d","0.96, 0.89, 0.86, 0.89, 0.89, 0.80","Grass","Baseball","0.733266294002533","0.618424654006958","Grass","Soccer","0.999805271625519","0.906270682811737","Tennis, Baseball"
929,9750,"Tennis","box: (x1, y1) = (160,83), (x2, y2) = (187,2), width = 27 height = 60 image: width = 640, height = 640 original_ground_resolution = 0.4029639465652271, new ground_resolution = 0.4029639434036431 new_gps_location: 47.56221163320886, -122.28683512334388","https://earth.google.com/web/@47.56221163320886,-122.28683512334388,4.1972381a,15000d","0.92, 0.90, 0.87, 0.89, 0.88, 0.86, 0.54","Synthetic","Tennis","0.999718248844147","0.999835610389709","Synthetic","Basketball","0.990305066108704","0.818612277507782","Basketball, Tennis, Baseball"
930,9750,"Tennis","box: (x1, y1) = (244,84), (x2, y2) = (271,2), width = 27 height = 60 image: width = 640, height = 640 original_ground_resolution = 0.4029639465652271, new ground_resolution = 0.4029639434036431 new_gps_location: 47.56220919054809, -122.28653105286166","https://earth.google.com/web/@47.56220919054809,-122.28653105286166,4.1972381a,15000d","0.90, 0.89, 0.87, 0.89, 0.87, 0.84, 0.68","Synthetic","Tennis","0.990829944610596","0.983216881752014","Grass","Soccer","0.992078363895416","0.703819751739502","Basketball, Tennis, Baseball"
931,9750,"Tennis","box: (x1, y1) = (207,83), (x2, y2) = (233,2), width = 26 height = 61 image: width = 640, height = 640 original_ground_resolution = 0.4029639465652271, new ground_resolution = 0.4029639434036431 new_gps_location: 47.56221163320886, -122.2866649886693","https://earth.google.com/web/@47.56221163320886,-122.2866649886693,4.1972381a,15000d","0.90, 0.90, 0.87, 0.89, 0.88, 0.84, 0.58","Synthetic","Tennis","0.99604743719101","0.996289610862732","Synthetic","Basketball","0.990778088569641","0.464554995298386","Basketball, Tennis, Baseball"
932,9750,"Basketball","box: (x1, y1) = (358,79), (x2, y2) = (396,2), width = 38 height = 66 image: width = 640, height = 640 original_ground_resolution = 0.4029639465652271, new ground_resolution = 0.4029639434036431 new_gps_location: 47.56221407586953, -122.2860966664585","https://earth.google.com/web/@47.56221407586953,-122.2860966664585,4.1972381a,15000d","0.92, 0.90, 0.87, 0.88, 0.88, 0.74, 0.72","Synthetic","Basketball","0.999601185321808","0.538572788238525","Synthetic","Basketball","0.976809084415436","0.483487963676453","Basketball, Tennis, Baseball"
817,9758,"Tennis","box: (x1, y1) = (116,168), (x2, y2) = (143,2), width = 27 height = 59 image: width = 640, height = 640 original_ground_resolution = 0.40261297565811743, new ground_resolution = 0.40261297249928707 new_gps_location: 47.60761832616797, -122.31443029616874","https://earth.google.com/web/@47.60761832616797,-122.31443029616874,4.1972381a,15000d","0.89, 0.86, 0.86, 0.62","Synthetic","Tennis","0.667053997516632","0.691604852676392","Buildings","Buildings","0.982629060745239","0.943638563156128","Tennis, Stadium"
818,9758,"Tennis","box: (x1, y1) = (37,168), (x2, y2) = (63,2), width = 26 height = 57 image: width = 640, height = 640 original_ground_resolution = 0.40261297565811743, new ground_resolution = 0.40261297249928707 new_gps_location: 47.60762076458506, -122.3147160181443","https://earth.google.com/web/@47.60762076458506,-122.3147160181443,4.1972381a,15000d","0.86, 0.86, 0.86, 0.48","Synthetic","Tennis","0.999999165534973","0.999977231025696","Buildings","Buildings","0.981833398342133","0.943093657493591","Tennis, Stadium"
819,9758,"Tennis","box: (x1, y1) = (77,168), (x2, y2) = (102,2), width = 25 height = 59 image: width = 640, height = 640 original_ground_resolution = 0.40261297565811743, new ground_resolution = 0.40261297249928707 new_gps_location: 47.60761832616797, -122.31457496552345","https://earth.google.com/web/@47.60761832616797,-122.31457496552345,4.1972381a,15000d","0.88, 0.86, 0.85, 0.58","Synthetic","Tennis","0.999935030937195","0.99903416633606","Buildings","Buildings","0.979783773422241","0.938422977924347","Tennis, Stadium"
820,9758,"Stadium","box: (x1, y1) = (12,278), (x2, y2) = (217,2), width = 205 height = 342 image: width = 640, height = 640 original_ground_resolution = 0.40261297565811743, new ground_resolution = 0.40261297249928707 new_gps_location: 47.607003841439514, -122.31448454717675","https://earth.google.com/web/@47.607003841439514,-122.31448454717675,4.1972381a,15000d","0.87, 0.86, 0.82, 0.64","Grass","Soccer","0.998485863208771","0.935177326202393","Buildings","Buildings","0.96824437379837","0.925910770893097","Tennis, Stadium"
933,9758,"Tennis","box: (x1, y1) = (116,168), (x2, y2) = (143,2), width = 27 height = 59 image: width = 640, height = 640 original_ground_resolution = 0.40261297565811743, new ground_resolution = 0.40261297249928707 new_gps_location: 47.60761832616797, -122.31443029616874","https://earth.google.com/web/@47.60761832616797,-122.31443029616874,4.1972381a,15000d","0.89, 0.86, 0.86, 0.62","Synthetic","Tennis","0.667053997516632","0.691604852676392","Buildings","Buildings","0.982629060745239","0.943638563156128","Tennis, Stadium"
934,9758,"Tennis","box: (x1, y1) = (37,168), (x2, y2) = (63,2), width = 26 height = 57 image: width = 640, height = 640 original_ground_resolution = 0.40261297565811743, new ground_resolution = 0.40261297249928707 new_gps_location: 47.60762076458506, -122.3147160181443","https://earth.google.com/web/@47.60762076458506,-122.3147160181443,4.1972381a,15000d","0.86, 0.86, 0.86, 0.48","Synthetic","Tennis","0.999999165534973","0.999977231025696","Buildings","Buildings","0.981833398342133","0.943093657493591","Tennis, Stadium"
935,9758,"Tennis","box: (x1, y1) = (77,168), (x2, y2) = (102,2), width = 25 height = 59 image: width = 640, height = 640 original_ground_resolution = 0.40261297565811743, new ground_resolution = 0.40261297249928707 new_gps_location: 47.60761832616797, -122.31457496552345","https://earth.google.com/web/@47.60761832616797,-122.31457496552345,4.1972381a,15000d","0.88, 0.86, 0.85, 0.58","Synthetic","Tennis","0.999935030937195","0.99903416633606","Buildings","Buildings","0.979783773422241","0.938422977924347","Tennis, Stadium"
936,9758,"Stadium","box: (x1, y1) = (12,278), (x2, y2) = (217,2), width = 205 height = 342 image: width = 640, height = 640 original_ground_resolution = 0.40261297565811743, new ground_resolution = 0.40261297249928707 new_gps_location: 47.607003841439514, -122.31448454717675","https://earth.google.com/web/@47.607003841439514,-122.31448454717675,4.1972381a,15000d","0.87, 0.86, 0.82, 0.64","Grass","Soccer","0.998485863208771","0.935177326202393","Buildings","Buildings","0.96824437379837","0.925910770893097","Tennis, Stadium"
821,9759,"Baseball","box: (x1, y1) = (222,511), (x2, y2) = (305,2), width = 83 height = 82 image: width = 640, height = 640 original_ground_resolution = 0.40253830399113505, new ground_resolution = 0.40253830083289055 new_gps_location: 47.61645299074634, -122.31933311559558","https://earth.google.com/web/@47.61645299074634,-122.31933311559558,4.1972381a,15000d","0.83, 0.57","Buildings","Buildings","0.984026908874512","0.503249228000641","Buildings","Buildings","0.755008220672607","0.922152161598206","Basketball, Baseball"
937,9759,"Baseball","box: (x1, y1) = (222,511), (x2, y2) = (305,2), width = 83 height = 82 image: width = 640, height = 640 original_ground_resolution = 0.40253830399113505, new ground_resolution = 0.40253830083289055 new_gps_location: 47.61645299074634, -122.31933311559558","https://earth.google.com/web/@47.61645299074634,-122.31933311559558,4.1972381a,15000d","0.83, 0.57","Buildings","Buildings","0.984026908874512","0.503249228000641","Buildings","Buildings","0.755008220672607","0.922152161598206","Basketball, Baseball"
822,9760,"Baseball","box: (x1, y1) = (453,504), (x2, y2) = (536,2), width = 83 height = 82 image: width = 640, height = 640 original_ground_resolution = 0.40253848028962425, new ground_resolution = 0.4025384771313783 new_gps_location: 47.61644715313462, -122.31973740474835","https://earth.google.com/web/@47.61644715313462,-122.31973740474835,4.1972381a,15000d","0.85","Buildings","Buildings","0.964529454708099","0.847665667533875","Buildings","Buildings","0.727025091648102","0.520449042320251","Baseball"
823,9760,"Basketball","box: (x1, y1) = (385,499), (x2, y2) = (431,2), width = 46 height = 69 image: width = 640, height = 640 original_ground_resolution = 0.40253848028962425, new ground_resolution = 0.4025384771313783 new_gps_location: 47.61647640377934, -122.32004838630952","https://earth.google.com/web/@47.61647640377934,-122.32004838630952,4.1972381a,15000d","0.91","Buildings","Buildings","0.999907732009888","0.979279577732086","Buildings","Buildings","0.663909196853638","0.895652294158936","Baseball"
938,9760,"Baseball","box: (x1, y1) = (453,504), (x2, y2) = (536,2), width = 83 height = 82 image: width = 640, height = 640 original_ground_resolution = 0.40253848028962425, new ground_resolution = 0.4025384771313783 new_gps_location: 47.61644715313462, -122.31973740474835","https://earth.google.com/web/@47.61644715313462,-122.31973740474835,4.1972381a,15000d","0.85","Buildings","Buildings","0.964529454708099","0.847665667533875","Buildings","Buildings","0.727025091648102","0.520449042320251","Baseball"
939,9760,"Basketball","box: (x1, y1) = (385,499), (x2, y2) = (431,2), width = 46 height = 69 image: width = 640, height = 640 original_ground_resolution = 0.40253848028962425, new ground_resolution = 0.4025384771313783 new_gps_location: 47.61647640377934, -122.32004838630952","https://earth.google.com/web/@47.61647640377934,-122.32004838630952,4.1972381a,15000d","0.91","Buildings","Buildings","0.999907732009888","0.979279577732086","Buildings","Buildings","0.663909196853638","0.895652294158936","Baseball"
824,9764,"Soccer","box: (x1, y1) = (183,147), (x2, y2) = (430,2), width = 247 height = 348 image: width = 640, height = 640 original_ground_resolution = 0.40283800701549916, new ground_resolution = 0.40283800385490326 new_gps_location: 47.578074558842246, -122.38536366257502","https://earth.google.com/web/@47.578074558842246,-122.38536366257502,4.1972381a,15000d","0.86, 0.84","Turf","Soccer","1","1","Synthetic","Basketball","0.990836620330811","0.968854069709778","Tennis, Soccer"
825,9764,"Tennis","box: (x1, y1) = (356,49), (x2, y2) = (384,2), width = 28 height = 60 image: width = 640, height = 640 original_ground_resolution = 0.40283800701549916, new ground_resolution = 0.40283800385490326 new_gps_location: 47.57866531569898, -122.38513206223205","https://earth.google.com/web/@47.57866531569898,-122.38513206223205,4.1972381a,15000d","0.89, 0.86, 0.56","Grass","Soccer","0.993451714515686","0.991193830966949","Synthetic","Basketball","0.986271262168884","0.921405076980591","Tennis, Baseball, Soccer"
940,9764,"Soccer","box: (x1, y1) = (183,147), (x2, y2) = (430,2), width = 247 height = 348 image: width = 640, height = 640 original_ground_resolution = 0.40283800701549916, new ground_resolution = 0.40283800385490326 new_gps_location: 47.578074558842246, -122.38536366257502","https://earth.google.com/web/@47.578074558842246,-122.38536366257502,4.1972381a,15000d","0.86, 0.84","Turf","Soccer","1","1","Synthetic","Basketball","0.990836620330811","0.968854069709778","Tennis, Soccer"
941,9764,"Tennis","box: (x1, y1) = (356,49), (x2, y2) = (384,2), width = 28 height = 60 image: width = 640, height = 640 original_ground_resolution = 0.40283800701549916, new ground_resolution = 0.40283800385490326 new_gps_location: 47.57866531569898, -122.38513206223205","https://earth.google.com/web/@47.57866531569898,-122.38513206223205,4.1972381a,15000d","0.89, 0.86, 0.56","Grass","Soccer","0.993451714515686","0.991193830966949","Synthetic","Basketball","0.986271262168884","0.921405076980591","Tennis, Baseball, Soccer"
826,9765,"Tennis","box: (x1, y1) = (201,55), (x2, y2) = (239,2), width = 38 height = 64 image: width = 640, height = 640 original_ground_resolution = 0.40290245946435005, new ground_resolution = 0.4029024563032485 new_gps_location: 47.57026826867483, -122.30831363343448","https://earth.google.com/web/@47.57026826867483,-122.30831363343448,4.1972381a,15000d","0.91, 0.89, 0.89, 0.82","Synthetic","Tennis","0.952473104000092","0.998871386051178","Synthetic","Basketball","0.999993801116943","0.973475873470306","Tennis"
827,9765,"Tennis","box: (x1, y1) = (237,48), (x2, y2) = (277,2), width = 40 height = 63 image: width = 640, height = 640 original_ground_resolution = 0.40290245946435005, new ground_resolution = 0.4029024563032485 new_gps_location: 47.57028780397021, -122.30817971806373","https://earth.google.com/web/@47.57028780397021,-122.30817971806373,4.1972381a,15000d","0.91, 0.90, 0.55, 0.89, 0.77","Synthetic","Tennis","0.967250883579254","0.999422073364258","Synthetic","Basketball","0.999996066093445","0.988735616207123","Tennis, Soccer"
828,9765,"Baseball","box: (x1, y1) = (202,472), (x2, y2) = (273,2), width = 71 height = 66 image: width = 640, height = 640 original_ground_resolution = 0.40290245946435005, new ground_resolution = 0.4029024563032485 new_gps_location: 47.56924753935382, -122.30825210475061","https://earth.google.com/web/@47.56924753935382,-122.30825210475061,4.1972381a,15000d","0.88, 0.71","Turf","Soccer","0.999954581260681","0.881065487861633","Turf","Soccer","0.988905906677246","0.567247629165649","Tennis"
829,9765,"Tennis","box: (x1, y1) = (234,168), (x2, y2) = (271,2), width = 37 height = 63 image: width = 640, height = 640 original_ground_resolution = 0.40290245946435005, new ground_resolution = 0.4029024563032485 new_gps_location: 47.56999477377429, -122.30819781473544","https://earth.google.com/web/@47.56999477377429,-122.30819781473544,4.1972381a,15000d","0.90, 0.89, 0.89, 0.84","Synthetic","Tennis","0.995458722114563","0.895484149456024","Synthetic","Basketball","0.999764025211334","0.679787576198578","Tennis"
830,9765,"Baseball","box: (x1, y1) = (271,561), (x2, y2) = (340,2), width = 69 height = 58 image: width = 640, height = 640 original_ground_resolution = 0.40290245946435005, new ground_resolution = 0.4029024563032485 new_gps_location: 47.56903997234502, -122.30800599001515","https://earth.google.com/web/@47.56903997234502,-122.30800599001515,4.1972381a,15000d","0.47","Turf","Soccer","0.999992966651917","0.954147577285767","Synthetic","Basketball","0.997939646244049","0.594556629657745","Golf"
831,9765,"Tennis","box: (x1, y1) = (271,162), (x2, y2) = (304,2), width = 33 height = 62 image: width = 640, height = 640 original_ground_resolution = 0.40290245946435005, new ground_resolution = 0.4029024563032485 new_gps_location: 47.57000942532303, -122.30807113803336","https://earth.google.com/web/@47.57000942532303,-122.30807113803336,4.1972381a,15000d","0.90, 0.90, 0.89, 0.79","Synthetic","Tennis","0.99978119134903","0.901640951633453","Synthetic","Basketball","0.999928116798401","0.503506422042847","Tennis"
942,9765,"Tennis","box: (x1, y1) = (201,55), (x2, y2) = (239,2), width = 38 height = 64 image: width = 640, height = 640 original_ground_resolution = 0.40290245946435005, new ground_resolution = 0.4029024563032485 new_gps_location: 47.57026826867483, -122.30831363343448","https://earth.google.com/web/@47.57026826867483,-122.30831363343448,4.1972381a,15000d","0.91, 0.89, 0.89, 0.82","Synthetic","Tennis","0.952473104000092","0.998871386051178","Synthetic","Basketball","0.999993801116943","0.973475873470306","Tennis"
943,9765,"Tennis","box: (x1, y1) = (237,48), (x2, y2) = (277,2), width = 40 height = 63 image: width = 640, height = 640 original_ground_resolution = 0.40290245946435005, new ground_resolution = 0.4029024563032485 new_gps_location: 47.57028780397021, -122.30817971806373","https://earth.google.com/web/@47.57028780397021,-122.30817971806373,4.1972381a,15000d","0.91, 0.90, 0.55, 0.89, 0.77","Synthetic","Tennis","0.967250883579254","0.999422073364258","Synthetic","Basketball","0.999996066093445","0.988735616207123","Tennis, Soccer"
944,9765,"Baseball","box: (x1, y1) = (202,472), (x2, y2) = (273,2), width = 71 height = 66 image: width = 640, height = 640 original_ground_resolution = 0.40290245946435005, new ground_resolution = 0.4029024563032485 new_gps_location: 47.56924753935382, -122.30825210475061","https://earth.google.com/web/@47.56924753935382,-122.30825210475061,4.1972381a,15000d","0.88, 0.71","Turf","Soccer","0.999954581260681","0.881065487861633","Turf","Soccer","0.988905906677246","0.567247629165649","Tennis"
945,9765,"Tennis","box: (x1, y1) = (234,168), (x2, y2) = (271,2), width = 37 height = 63 image: width = 640, height = 640 original_ground_resolution = 0.40290245946435005, new ground_resolution = 0.4029024563032485 new_gps_location: 47.56999477377429, -122.30819781473544","https://earth.google.com/web/@47.56999477377429,-122.30819781473544,4.1972381a,15000d","0.90, 0.89, 0.89, 0.84","Synthetic","Tennis","0.995458722114563","0.895484149456024","Synthetic","Basketball","0.999764025211334","0.679787576198578","Tennis"
946,9765,"Baseball","box: (x1, y1) = (271,561), (x2, y2) = (340,2), width = 69 height = 58 image: width = 640, height = 640 original_ground_resolution = 0.40290245946435005, new ground_resolution = 0.4029024563032485 new_gps_location: 47.56903997234502, -122.30800599001515","https://earth.google.com/web/@47.56903997234502,-122.30800599001515,4.1972381a,15000d","0.47","Turf","Soccer","0.999992966651917","0.954147577285767","Synthetic","Basketball","0.997939646244049","0.594556629657745","Golf"
947,9765,"Tennis","box: (x1, y1) = (271,162), (x2, y2) = (304,2), width = 33 height = 62 image: width = 640, height = 640 original_ground_resolution = 0.40290245946435005, new ground_resolution = 0.4029024563032485 new_gps_location: 47.57000942532303, -122.30807113803336","https://earth.google.com/web/@47.57000942532303,-122.30807113803336,4.1972381a,15000d","0.90, 0.90, 0.89, 0.79","Synthetic","Tennis","0.99978119134903","0.901640951633453","Synthetic","Basketball","0.999928116798401","0.503506422042847","Tennis"
832,9766,"Baseball","box: (x1, y1) = (205,197), (x2, y2) = (289,2), width = 84 height = 82 image: width = 640, height = 640 original_ground_resolution = 0.4025470457012116, new ground_resolution = 0.40254704254289836 new_gps_location: 47.6160828854891, -122.31930797833746","https://earth.google.com/web/@47.6160828854891,-122.31930797833746,4.1972381a,15000d","0.88","Turf","Soccer","1","0.990623891353607","Synthetic","Basketball","0.608800113201141","0.69462788105011","Baseball"
948,9766,"Baseball","box: (x1, y1) = (205,197), (x2, y2) = (289,2), width = 84 height = 82 image: width = 640, height = 640 original_ground_resolution = 0.4025470457012116, new ground_resolution = 0.40254704254289836 new_gps_location: 47.6160828854891, -122.31930797833746","https://earth.google.com/web/@47.6160828854891,-122.31930797833746,4.1972381a,15000d","0.88","Turf","Soccer","1","0.990623891353607","Synthetic","Basketball","0.608800113201141","0.69462788105011","Baseball"
833,9768,"Baseball","box: (x1, y1) = (0,315), (x2, y2) = (83,2), width = 83 height = 113 image: width = 640, height = 640 original_ground_resolution = 0.4029663833337806, new ground_resolution = 0.40296638017217745 new_gps_location: 47.5612646214462, -122.28517395449464","https://earth.google.com/web/@47.5612646214462,-122.28517395449464,4.1972381a,15000d","0.95, 0.89, 0.57, 0.83, 0.67","Synthetic","Basketball","0.775124609470367","0.712592899799347","Grass","Soccer","0.99338960647583","0.856824994087219","Tennis, Baseball"
949,9768,"Baseball","box: (x1, y1) = (0,315), (x2, y2) = (83,2), width = 83 height = 113 image: width = 640, height = 640 original_ground_resolution = 0.4029663833337806, new ground_resolution = 0.40296638017217745 new_gps_location: 47.5612646214462, -122.28517395449464","https://earth.google.com/web/@47.5612646214462,-122.28517395449464,4.1972381a,15000d","0.95, 0.89, 0.57, 0.83, 0.67","Synthetic","Basketball","0.775124609470367","0.712592899799347","Grass","Soccer","0.99338960647583","0.856824994087219","Tennis, Baseball"
834,9770,"Tennis","box: (x1, y1) = (215,299), (x2, y2) = (243,2), width = 28 height = 59 image: width = 640, height = 640 original_ground_resolution = 0.4029515733136003, new ground_resolution = 0.40295157015211347 new_gps_location: 47.563295059722044, -122.36471369957434","https://earth.google.com/web/@47.563295059722044,-122.36471369957434,4.1972381a,15000d","0.87, 0.81","Synthetic","Tennis","0.916125118732452","0.994397163391113","Buildings","Buildings","0.993065595626831","0.774272263050079","Tennis"
950,9770,"Tennis","box: (x1, y1) = (215,299), (x2, y2) = (243,2), width = 28 height = 59 image: width = 640, height = 640 original_ground_resolution = 0.4029515733136003, new ground_resolution = 0.40295157015211347 new_gps_location: 47.563295059722044, -122.36471369957434","https://earth.google.com/web/@47.563295059722044,-122.36471369957434,4.1972381a,15000d","0.87, 0.81","Synthetic","Tennis","0.916125118732452","0.994397163391113","Buildings","Buildings","0.993065595626831","0.774272263050079","Tennis"
835,9771,"Stadium","box: (x1, y1) = (158,319), (x2, y2) = (493,2), width = 335 height = 240 image: width = 640, height = 640 original_ground_resolution = 0.40230500093112853, new ground_resolution = 0.40230499777471446 new_gps_location: 47.64702596965349, -122.37848293016357","https://earth.google.com/web/@47.64702596965349,-122.37848293016357,4.1972381a,15000d","0.80, 0.67, 0.61","Turf","Soccer","0.999941468238831","0.997227728366852","Buildings","Buildings","0.886102020740509","0.614629745483398","Stadium, Baseball"
951,9771,"Stadium","box: (x1, y1) = (158,319), (x2, y2) = (493,2), width = 335 height = 240 image: width = 640, height = 640 original_ground_resolution = 0.40230500093112853, new ground_resolution = 0.40230499777471446 new_gps_location: 47.64702596965349, -122.37848293016357","https://earth.google.com/web/@47.64702596965349,-122.37848293016357,4.1972381a,15000d","0.80, 0.67, 0.61","Turf","Soccer","0.999941468238831","0.997227728366852","Buildings","Buildings","0.886102020740509","0.614629745483398","Stadium, Baseball"
836,9774,"Tennis","box: (x1, y1) = (318,81), (x2, y2) = (345,2), width = 27 height = 59 image: width = 640, height = 640 original_ground_resolution = 0.4026153964956268, new ground_resolution = 0.4026153933367774 new_gps_location: 47.607515974186775, -122.31478531568824","https://earth.google.com/web/@47.607515974186775,-122.31478531568824,4.1972381a,15000d","0.88, 0.88, 0.87, 0.59","Synthetic","Tennis","0.999974131584167","0.950994908809662","Buildings","Buildings","0.931669950485229","0.918776035308838","Tennis, Stadium"
837,9774,"Tennis","box: (x1, y1) = (239,81), (x2, y2) = (265,2), width = 26 height = 58 image: width = 640, height = 640 original_ground_resolution = 0.4026153964956268, new ground_resolution = 0.4026153933367774 new_gps_location: 47.607515974186775, -122.31507103938178","https://earth.google.com/web/@47.607515974186775,-122.31507103938178,4.1972381a,15000d","0.90, 0.86, 0.86, 0.59","Synthetic","Tennis","0.999690055847168","0.888648748397827","Buildings","Buildings","0.896733582019806","0.910366356372833","Tennis, Stadium"
838,9774,"Tennis","box: (x1, y1) = (279,81), (x2, y2) = (304,2), width = 25 height = 59 image: width = 640, height = 640 original_ground_resolution = 0.4026153964956268, new ground_resolution = 0.4026153933367774 new_gps_location: 47.607515974186775, -122.31492998591281","https://earth.google.com/web/@47.607515974186775,-122.31492998591281,4.1972381a,15000d","0.89, 0.87, 0.86, 0.53","Synthetic","Tennis","0.999938368797302","0.909211993217468","Buildings","Buildings","0.965226948261261","0.922675848007202","Tennis, Stadium"
839,9774,"Stadium","box: (x1, y1) = (214,195), (x2, y2) = (418,2), width = 204 height = 341 image: width = 640, height = 640 original_ground_resolution = 0.4026153964956268, new ground_resolution = 0.4026153933367774 new_gps_location: 47.606894169164875, -122.31483956702245","https://earth.google.com/web/@47.606894169164875,-122.31483956702245,4.1972381a,15000d","0.89, 0.86, 0.84, 0.66","Grass","Soccer","0.997802913188934","0.996562659740448","Buildings","Buildings","0.92090255022049","0.93036961555481","Tennis, Stadium"
952,9774,"Tennis","box: (x1, y1) = (318,81), (x2, y2) = (345,2), width = 27 height = 59 image: width = 640, height = 640 original_ground_resolution = 0.4026153964956268, new ground_resolution = 0.4026153933367774 new_gps_location: 47.607515974186775, -122.31478531568824","https://earth.google.com/web/@47.607515974186775,-122.31478531568824,4.1972381a,15000d","0.88, 0.88, 0.87, 0.59","Synthetic","Tennis","0.999974131584167","0.950994908809662","Buildings","Buildings","0.931669950485229","0.918776035308838","Tennis, Stadium"
953,9774,"Tennis","box: (x1, y1) = (239,81), (x2, y2) = (265,2), width = 26 height = 58 image: width = 640, height = 640 original_ground_resolution = 0.4026153964956268, new ground_resolution = 0.4026153933367774 new_gps_location: 47.607515974186775, -122.31507103938178","https://earth.google.com/web/@47.607515974186775,-122.31507103938178,4.1972381a,15000d","0.90, 0.86, 0.86, 0.59","Synthetic","Tennis","0.999690055847168","0.888648748397827","Buildings","Buildings","0.896733582019806","0.910366356372833","Tennis, Stadium"
954,9774,"Tennis","box: (x1, y1) = (279,81), (x2, y2) = (304,2), width = 25 height = 59 image: width = 640, height = 640 original_ground_resolution = 0.4026153964956268, new ground_resolution = 0.4026153933367774 new_gps_location: 47.607515974186775, -122.31492998591281","https://earth.google.com/web/@47.607515974186775,-122.31492998591281,4.1972381a,15000d","0.89, 0.87, 0.86, 0.53","Synthetic","Tennis","0.999938368797302","0.909211993217468","Buildings","Buildings","0.965226948261261","0.922675848007202","Tennis, Stadium"
955,9774,"Stadium","box: (x1, y1) = (214,195), (x2, y2) = (418,2), width = 204 height = 341 image: width = 640, height = 640 original_ground_resolution = 0.4026153964956268, new ground_resolution = 0.4026153933367774 new_gps_location: 47.606894169164875, -122.31483956702245","https://earth.google.com/web/@47.606894169164875,-122.31483956702245,4.1972381a,15000d","0.89, 0.86, 0.84, 0.66","Grass","Soccer","0.997802913188934","0.996562659740448","Buildings","Buildings","0.92090255022049","0.93036961555481","Tennis, Stadium"
840,9775,"Stadium","box: (x1, y1) = (374,480), (x2, y2) = (640,2), width = 266 height = 159 image: width = 640, height = 640 original_ground_resolution = 0.40230060672658097, new ground_resolution = 0.4023006035702013 new_gps_location: 47.64730431568232, -122.37908899549954","https://earth.google.com/web/@47.64730431568232,-122.37908899549954,4.1972381a,15000d","0.90, 0.72, 0.52","Buildings","Buildings","0.999948620796204","0.87833172082901","Buildings","Buildings","0.973144948482513","0.603472650051117","Stadium, Baseball"
956,9775,"Stadium","box: (x1, y1) = (374,480), (x2, y2) = (640,2), width = 266 height = 159 image: width = 640, height = 640 original_ground_resolution = 0.40230060672658097, new ground_resolution = 0.4023006035702013 new_gps_location: 47.64730431568232, -122.37908899549954","https://earth.google.com/web/@47.64730431568232,-122.37908899549954,4.1972381a,15000d","0.90, 0.72, 0.52","Buildings","Buildings","0.999948620796204","0.87833172082901","Buildings","Buildings","0.973144948482513","0.603472650051117","Stadium, Baseball"
841,9780,"Soccer","box: (x1, y1) = (82,197), (x2, y2) = (351,2), width = 269 height = 436 image: width = 640, height = 640 original_ground_resolution = 0.4029302320542347, new ground_resolution = 0.40293022889291513 new_gps_location: 47.565856983306915, -122.31160903671838","https://earth.google.com/web/@47.565856983306915,-122.31160903671838,4.1972381a,15000d","0.93","Turf","Soccer","1","0.999893546104431","Synthetic","Basketball","0.967352390289307","0.509449899196625","Soccer"
957,9780,"Soccer","box: (x1, y1) = (82,197), (x2, y2) = (351,2), width = 269 height = 436 image: width = 640, height = 640 original_ground_resolution = 0.4029302320542347, new ground_resolution = 0.40293022889291513 new_gps_location: 47.565856983306915, -122.31160903671838","https://earth.google.com/web/@47.565856983306915,-122.31160903671838,4.1972381a,15000d","0.93","Turf","Soccer","1","0.999893546104431","Synthetic","Basketball","0.967352390289307","0.509449899196625","Soccer"
842,9782,"Baseball","box: (x1, y1) = (222,511), (x2, y2) = (305,2), width = 83 height = 82 image: width = 640, height = 640 original_ground_resolution = 0.40253830399113505, new ground_resolution = 0.40253830083289055 new_gps_location: 47.61645299074634, -122.31933311559558","https://earth.google.com/web/@47.61645299074634,-122.31933311559558,4.1972381a,15000d","0.83, 0.57","Buildings","Buildings","0.984026908874512","0.503249228000641","Buildings","Buildings","0.755008220672607","0.922152161598206","Basketball, Baseball"
958,9782,"Baseball","box: (x1, y1) = (222,511), (x2, y2) = (305,2), width = 83 height = 82 image: width = 640, height = 640 original_ground_resolution = 0.40253830399113505, new ground_resolution = 0.40253830083289055 new_gps_location: 47.61645299074634, -122.31933311559558","https://earth.google.com/web/@47.61645299074634,-122.31933311559558,4.1972381a,15000d","0.83, 0.57","Buildings","Buildings","0.984026908874512","0.503249228000641","Buildings","Buildings","0.755008220672607","0.922152161598206","Basketball, Baseball"
843,9783,"Stadium","box: (x1, y1) = (179,0), (x2, y2) = (619,2), width = 440 height = 134 image: width = 640, height = 640 original_ground_resolution = 0.40272079084482004, new ground_resolution = 0.40272078768514374 new_gps_location: 47.59392744988754, -122.33198630151134","https://earth.google.com/web/@47.59392744988754,-122.33198630151134,4.1972381a,15000d","0.70","Buildings","Buildings","0.999062597751617","0.980163633823395","Synthetic","Basketball","0.973868846893311","0.704333782196045","Stadium"
959,9783,"Stadium","box: (x1, y1) = (179,0), (x2, y2) = (619,2), width = 440 height = 134 image: width = 640, height = 640 original_ground_resolution = 0.40272079084482004, new ground_resolution = 0.40272078768514374 new_gps_location: 47.59392744988754, -122.33198630151134","https://earth.google.com/web/@47.59392744988754,-122.33198630151134,4.1972381a,15000d","0.70","Buildings","Buildings","0.999062597751617","0.980163633823395","Synthetic","Basketball","0.973868846893311","0.704333782196045","Stadium"
844,9784,"Stadium","box: (x1, y1) = (75,22), (x2, y2) = (466,2), width = 391 height = 453 image: width = 640, height = 640 original_ground_resolution = 0.40215287124040433, new ground_resolution = 0.4021528680851838 new_gps_location: 47.66723886570153, -122.341524530034","https://earth.google.com/web/@47.66723886570153,-122.341524530034,4.1972381a,15000d","0.91, 0.56","Turf","Soccer","0.999987483024597","0.999913096427917","Grass","Soccer","0.999997138977051","0.92402982711792","Stadium, Baseball"
960,9784,"Stadium","box: (x1, y1) = (75,22), (x2, y2) = (466,2), width = 391 height = 453 image: width = 640, height = 640 original_ground_resolution = 0.40215287124040433, new ground_resolution = 0.4021528680851838 new_gps_location: 47.66723886570153, -122.341524530034","https://earth.google.com/web/@47.66723886570153,-122.341524530034,4.1972381a,15000d","0.91, 0.56","Turf","Soccer","0.999987483024597","0.999913096427917","Grass","Soccer","0.999997138977051","0.92402982711792","Stadium, Baseball"
845,9789,"Soccer","box: (x1, y1) = (177,119), (x2, y2) = (615,2), width = 438 height = 220 image: width = 640, height = 640 original_ground_resolution = 0.4018413263330217, new ground_resolution = 0.4018413231802456 new_gps_location: 47.70770714700049, -122.29228325504616","https://earth.google.com/web/@47.70770714700049,-122.29228325504616,4.1972381a,15000d","0.91","Turf","Soccer","1","0.999997973442078","Buildings","Buildings","0.631951987743378","0.507895529270172","Soccer"
961,9789,"Soccer","box: (x1, y1) = (177,119), (x2, y2) = (615,2), width = 438 height = 220 image: width = 640, height = 640 original_ground_resolution = 0.4018413263330217, new ground_resolution = 0.4018413231802456 new_gps_location: 47.70770714700049, -122.29228325504616","https://earth.google.com/web/@47.70770714700049,-122.29228325504616,4.1972381a,15000d","0.91","Turf","Soccer","1","0.999997973442078","Buildings","Buildings","0.631951987743378","0.507895529270172","Soccer"
846,9790,"Tennis","box: (x1, y1) = (116,168), (x2, y2) = (143,2), width = 27 height = 59 image: width = 640, height = 640 original_ground_resolution = 0.40261297565811743, new ground_resolution = 0.40261297249928707 new_gps_location: 47.60761832616797, -122.31443029616874","https://earth.google.com/web/@47.60761832616797,-122.31443029616874,4.1972381a,15000d","0.89, 0.86, 0.86, 0.62","Synthetic","Tennis","0.667053997516632","0.691604852676392","Buildings","Buildings","0.982629060745239","0.943638563156128","Tennis, Stadium"
847,9790,"Tennis","box: (x1, y1) = (37,168), (x2, y2) = (63,2), width = 26 height = 57 image: width = 640, height = 640 original_ground_resolution = 0.40261297565811743, new ground_resolution = 0.40261297249928707 new_gps_location: 47.60762076458506, -122.3147160181443","https://earth.google.com/web/@47.60762076458506,-122.3147160181443,4.1972381a,15000d","0.86, 0.86, 0.86, 0.48","Synthetic","Tennis","0.999999165534973","0.999977231025696","Buildings","Buildings","0.981833398342133","0.943093657493591","Tennis, Stadium"
848,9790,"Tennis","box: (x1, y1) = (77,168), (x2, y2) = (102,2), width = 25 height = 59 image: width = 640, height = 640 original_ground_resolution = 0.40261297565811743, new ground_resolution = 0.40261297249928707 new_gps_location: 47.60761832616797, -122.31457496552345","https://earth.google.com/web/@47.60761832616797,-122.31457496552345,4.1972381a,15000d","0.88, 0.86, 0.85, 0.58","Synthetic","Tennis","0.999935030937195","0.99903416633606","Buildings","Buildings","0.979783773422241","0.938422977924347","Tennis, Stadium"
849,9790,"Stadium","box: (x1, y1) = (12,278), (x2, y2) = (217,2), width = 205 height = 342 image: width = 640, height = 640 original_ground_resolution = 0.40261297565811743, new ground_resolution = 0.40261297249928707 new_gps_location: 47.607003841439514, -122.31448454717675","https://earth.google.com/web/@47.607003841439514,-122.31448454717675,4.1972381a,15000d","0.87, 0.86, 0.82, 0.64","Grass","Soccer","0.998485863208771","0.935177326202393","Buildings","Buildings","0.96824437379837","0.925910770893097","Tennis, Stadium"
962,9790,"Tennis","box: (x1, y1) = (116,168), (x2, y2) = (143,2), width = 27 height = 59 image: width = 640, height = 640 original_ground_resolution = 0.40261297565811743, new ground_resolution = 0.40261297249928707 new_gps_location: 47.60761832616797, -122.31443029616874","https://earth.google.com/web/@47.60761832616797,-122.31443029616874,4.1972381a,15000d","0.89, 0.86, 0.86, 0.62","Synthetic","Tennis","0.667053997516632","0.691604852676392","Buildings","Buildings","0.982629060745239","0.943638563156128","Tennis, Stadium"
963,9790,"Tennis","box: (x1, y1) = (37,168), (x2, y2) = (63,2), width = 26 height = 57 image: width = 640, height = 640 original_ground_resolution = 0.40261297565811743, new ground_resolution = 0.40261297249928707 new_gps_location: 47.60762076458506, -122.3147160181443","https://earth.google.com/web/@47.60762076458506,-122.3147160181443,4.1972381a,15000d","0.86, 0.86, 0.86, 0.48","Synthetic","Tennis","0.999999165534973","0.999977231025696","Buildings","Buildings","0.981833398342133","0.943093657493591","Tennis, Stadium"
964,9790,"Tennis","box: (x1, y1) = (77,168), (x2, y2) = (102,2), width = 25 height = 59 image: width = 640, height = 640 original_ground_resolution = 0.40261297565811743, new ground_resolution = 0.40261297249928707 new_gps_location: 47.60761832616797, -122.31457496552345","https://earth.google.com/web/@47.60761832616797,-122.31457496552345,4.1972381a,15000d","0.88, 0.86, 0.85, 0.58","Synthetic","Tennis","0.999935030937195","0.99903416633606","Buildings","Buildings","0.979783773422241","0.938422977924347","Tennis, Stadium"
965,9790,"Stadium","box: (x1, y1) = (12,278), (x2, y2) = (217,2), width = 205 height = 342 image: width = 640, height = 640 original_ground_resolution = 0.40261297565811743, new ground_resolution = 0.40261297249928707 new_gps_location: 47.607003841439514, -122.31448454717675","https://earth.google.com/web/@47.607003841439514,-122.31448454717675,4.1972381a,15000d","0.87, 0.86, 0.82, 0.64","Grass","Soccer","0.998485863208771","0.935177326202393","Buildings","Buildings","0.96824437379837","0.925910770893097","Tennis, Stadium"
850,9791,"Tennis","box: (x1, y1) = (427,392), (x2, y2) = (455,2), width = 28 height = 60 image: width = 640, height = 640 original_ground_resolution = 0.4027819963934835, new ground_resolution = 0.40278199323332703 new_gps_location: 47.58510757055992, -122.29722659148297","https://earth.google.com/web/@47.58510757055992,-122.29722659148297,4.1972381a,15000d","0.89, 0.89, 0.81, 0.88, 0.82, 0.80","Synthetic","Tennis","0.999959111213684","0.998813629150391","Synthetic","Basketball","0.976474702358246","0.535698175430298","Tennis"
851,9791,"Tennis","box: (x1, y1) = (428,207), (x2, y2) = (456,2), width = 28 height = 63 image: width = 640, height = 640 original_ground_resolution = 0.4027819963934835, new ground_resolution = 0.40278199323332703 new_gps_location: 47.58555661888757, -122.29722297323076","https://earth.google.com/web/@47.58555661888757,-122.29722297323076,4.1972381a,15000d","0.90, 0.89, 0.84, 0.89, 0.84, 0.83","Synthetic","Tennis","0.994868159294128","0.99994683265686","Buildings","Buildings","0.969654738903046","0.71090567111969","Tennis"
852,9791,"Tennis","box: (x1, y1) = (428,300), (x2, y2) = (456,2), width = 28 height = 60 image: width = 640, height = 640 original_ground_resolution = 0.4027819963934835, new ground_resolution = 0.40278199323332703 new_gps_location: 47.585332095205274, -122.29722297323076","https://earth.google.com/web/@47.585332095205274,-122.29722297323076,4.1972381a,15000d","0.89, 0.89, 0.83, 0.88, 0.85, 0.81","Synthetic","Tennis","0.999653100967407","0.998573541641235","Buildings","Buildings","0.967246413230896","0.701473355293274","Tennis"
853,9791,"Tennis","box: (x1, y1) = (465,393), (x2, y2) = (491,2), width = 26 height = 53 image: width = 640, height = 640 original_ground_resolution = 0.4027819963934835, new ground_resolution = 0.40278199323332703 new_gps_location: 47.58511489203094, -122.2970927161513","https://earth.google.com/web/@47.58511489203094,-122.2970927161513,4.1972381a,15000d","0.91, 0.89, 0.83, 0.88, 0.87, 0.75","Synthetic","Tennis","0.999999523162842","0.999999761581421","Buildings","Buildings","0.970460832118988","0.851226627826691","Tennis"
966,9791,"Tennis","box: (x1, y1) = (427,392), (x2, y2) = (455,2), width = 28 height = 60 image: width = 640, height = 640 original_ground_resolution = 0.4027819963934835, new ground_resolution = 0.40278199323332703 new_gps_location: 47.58510757055992, -122.29722659148297","https://earth.google.com/web/@47.58510757055992,-122.29722659148297,4.1972381a,15000d","0.89, 0.89, 0.81, 0.88, 0.82, 0.80","Synthetic","Tennis","0.999959111213684","0.998813629150391","Synthetic","Basketball","0.976474702358246","0.535698175430298","Tennis"
967,9791,"Tennis","box: (x1, y1) = (428,207), (x2, y2) = (456,2), width = 28 height = 63 image: width = 640, height = 640 original_ground_resolution = 0.4027819963934835, new ground_resolution = 0.40278199323332703 new_gps_location: 47.58555661888757, -122.29722297323076","https://earth.google.com/web/@47.58555661888757,-122.29722297323076,4.1972381a,15000d","0.90, 0.89, 0.84, 0.89, 0.84, 0.83","Synthetic","Tennis","0.994868159294128","0.99994683265686","Buildings","Buildings","0.969654738903046","0.71090567111969","Tennis"
968,9791,"Tennis","box: (x1, y1) = (428,300), (x2, y2) = (456,2), width = 28 height = 60 image: width = 640, height = 640 original_ground_resolution = 0.4027819963934835, new ground_resolution = 0.40278199323332703 new_gps_location: 47.585332095205274, -122.29722297323076","https://earth.google.com/web/@47.585332095205274,-122.29722297323076,4.1972381a,15000d","0.89, 0.89, 0.83, 0.88, 0.85, 0.81","Synthetic","Tennis","0.999653100967407","0.998573541641235","Buildings","Buildings","0.967246413230896","0.701473355293274","Tennis"
969,9791,"Tennis","box: (x1, y1) = (465,393), (x2, y2) = (491,2), width = 26 height = 53 image: width = 640, height = 640 original_ground_resolution = 0.4027819963934835, new ground_resolution = 0.40278199323332703 new_gps_location: 47.58511489203094, -122.2970927161513","https://earth.google.com/web/@47.58511489203094,-122.2970927161513,4.1972381a,15000d","0.91, 0.89, 0.83, 0.88, 0.87, 0.75","Synthetic","Tennis","0.999999523162842","0.999999761581421","Buildings","Buildings","0.970460832118988","0.851226627826691","Tennis"
854,9792,"Tennis","box: (x1, y1) = (197,7), (x2, y2) = (234,2), width = 37 height = 63 image: width = 640, height = 640 original_ground_resolution = 0.4022703738262443, new ground_resolution = 0.4022703706701019 new_gps_location: 47.65249766327768, -122.30052423390342","https://earth.google.com/web/@47.65249766327768,-122.30052423390342,4.1972381a,15000d","0.90, 0.89, 0.87, 0.88, 0.88, 0.86, 0.85, 0.60","Buildings","Buildings","0.996978640556335","0.493447005748749","Buildings","Buildings","0.996991157531738","0.947117686271667","Tennis, Stadium"
855,9792,"Tennis","box: (x1, y1) = (154,0), (x2, y2) = (191,2), width = 37 height = 61 image: width = 640, height = 640 original_ground_resolution = 0.4022703738262443, new ground_resolution = 0.4022703706701019 new_gps_location: 47.652517137281585, -122.30067962112102","https://earth.google.com/web/@47.652517137281585,-122.30067962112102,4.1972381a,15000d","0.89, 0.89, 0.88, 0.89, 0.88, 0.85, 0.83, 0.54, 0.53","Buildings","Buildings","0.993826329708099","0.892275154590607","Buildings","Buildings","0.996970415115356","0.93867701292038","Tennis, Stadium"
856,9792,"Tennis","box: (x1, y1) = (239,15), (x2, y2) = (273,2), width = 34 height = 64 image: width = 640, height = 640 original_ground_resolution = 0.4022703738262443, new ground_resolution = 0.4022703706701019 new_gps_location: 47.652475755014585, -122.30037607399827","https://earth.google.com/web/@47.652475755014585,-122.30037607399827,4.1972381a,15000d","0.91, 0.90, 0.86, 0.90, 0.88, 0.86, 0.85, 0.53","Buildings","Buildings","0.99998950958252","0.7621049284935","Buildings","Buildings","0.997483670711517","0.950871884822845","Tennis, Stadium"
857,9792,"Tennis","box: (x1, y1) = (111,0), (x2, y2) = (147,2), width = 36 height = 52 image: width = 640, height = 640 original_ground_resolution = 0.4022703738262443, new ground_resolution = 0.4022703706701019 new_gps_location: 47.65252687428082, -122.3008350083386","https://earth.google.com/web/@47.65252687428082,-122.3008350083386,4.1972381a,15000d","0.90, 0.89, 0.87, 0.88, 0.87, 0.87, 0.85, 0.51","Buildings","Buildings","0.998424172401428","0.911117911338806","Buildings","Buildings","0.995791554450989","0.931448459625244","Tennis, Stadium"
970,9792,"Tennis","box: (x1, y1) = (197,7), (x2, y2) = (234,2), width = 37 height = 63 image: width = 640, height = 640 original_ground_resolution = 0.4022703738262443, new ground_resolution = 0.4022703706701019 new_gps_location: 47.65249766327768, -122.30052423390342","https://earth.google.com/web/@47.65249766327768,-122.30052423390342,4.1972381a,15000d","0.90, 0.89, 0.87, 0.88, 0.88, 0.86, 0.85, 0.60","Buildings","Buildings","0.996978640556335","0.493447005748749","Buildings","Buildings","0.996991157531738","0.947117686271667","Tennis, Stadium"
971,9792,"Tennis","box: (x1, y1) = (154,0), (x2, y2) = (191,2), width = 37 height = 61 image: width = 640, height = 640 original_ground_resolution = 0.4022703738262443, new ground_resolution = 0.4022703706701019 new_gps_location: 47.652517137281585, -122.30067962112102","https://earth.google.com/web/@47.652517137281585,-122.30067962112102,4.1972381a,15000d","0.89, 0.89, 0.88, 0.89, 0.88, 0.85, 0.83, 0.54, 0.53","Buildings","Buildings","0.993826329708099","0.892275154590607","Buildings","Buildings","0.996970415115356","0.93867701292038","Tennis, Stadium"
972,9792,"Tennis","box: (x1, y1) = (239,15), (x2, y2) = (273,2), width = 34 height = 64 image: width = 640, height = 640 original_ground_resolution = 0.4022703738262443, new ground_resolution = 0.4022703706701019 new_gps_location: 47.652475755014585, -122.30037607399827","https://earth.google.com/web/@47.652475755014585,-122.30037607399827,4.1972381a,15000d","0.91, 0.90, 0.86, 0.90, 0.88, 0.86, 0.85, 0.53","Buildings","Buildings","0.99998950958252","0.7621049284935","Buildings","Buildings","0.997483670711517","0.950871884822845","Tennis, Stadium"
973,9792,"Tennis","box: (x1, y1) = (111,0), (x2, y2) = (147,2), width = 36 height = 52 image: width = 640, height = 640 original_ground_resolution = 0.4022703738262443, new ground_resolution = 0.4022703706701019 new_gps_location: 47.65252687428082, -122.3008350083386","https://earth.google.com/web/@47.65252687428082,-122.3008350083386,4.1972381a,15000d","0.90, 0.89, 0.87, 0.88, 0.87, 0.87, 0.85, 0.51","Buildings","Buildings","0.998424172401428","0.911117911338806","Buildings","Buildings","0.995791554450989","0.931448459625244","Tennis, Stadium"
858,9793,"Baseball","box: (x1, y1) = (222,511), (x2, y2) = (305,2), width = 83 height = 82 image: width = 640, height = 640 original_ground_resolution = 0.40253830399113505, new ground_resolution = 0.40253830083289055 new_gps_location: 47.61645299074634, -122.31933311559558","https://earth.google.com/web/@47.61645299074634,-122.31933311559558,4.1972381a,15000d","0.83, 0.57","Buildings","Buildings","0.984026908874512","0.503249228000641","Buildings","Buildings","0.755008220672607","0.922152161598206","Basketball, Baseball"
974,9793,"Baseball","box: (x1, y1) = (222,511), (x2, y2) = (305,2), width = 83 height = 82 image: width = 640, height = 640 original_ground_resolution = 0.40253830399113505, new ground_resolution = 0.40253830083289055 new_gps_location: 47.61645299074634, -122.31933311559558","https://earth.google.com/web/@47.61645299074634,-122.31933311559558,4.1972381a,15000d","0.83, 0.57","Buildings","Buildings","0.984026908874512","0.503249228000641","Buildings","Buildings","0.755008220672607","0.922152161598206","Basketball, Baseball"
859,9794,"Tennis","box: (x1, y1) = (363,304), (x2, y2) = (390,2), width = 27 height = 59 image: width = 640, height = 640 original_ground_resolution = 0.40260918850483585, new ground_resolution = 0.4026091853460352 new_gps_location: 47.60777870098218, -122.31486346480854","https://earth.google.com/web/@47.60777870098218,-122.31486346480854,4.1972381a,15000d","0.90, 0.89, 0.88, 0.53","Synthetic","Tennis","0.99999988079071","1","Buildings","Buildings","0.987532436847687","0.949549376964569","Tennis, Stadium"
860,9794,"Tennis","box: (x1, y1) = (284,303), (x2, y2) = (310,2), width = 26 height = 59 image: width = 640, height = 640 original_ground_resolution = 0.40260918850483585, new ground_resolution = 0.4026091853460352 new_gps_location: 47.607781139368846, -122.31514918409648","https://earth.google.com/web/@47.607781139368846,-122.31514918409648,4.1972381a,15000d","0.89, 0.88, 0.87, 0.56","Synthetic","Tennis","0.999999284744263","0.999998092651367","Buildings","Buildings","0.98591935634613","0.943350672721863","Tennis, Stadium"
861,9794,"Tennis","box: (x1, y1) = (324,303), (x2, y2) = (349,2), width = 25 height = 60 image: width = 640, height = 640 original_ground_resolution = 0.40260918850483585, new ground_resolution = 0.4026091853460352 new_gps_location: 47.60777870098218, -122.31500813280243","https://earth.google.com/web/@47.60777870098218,-122.31500813280243,4.1972381a,15000d","0.89, 0.88, 0.88, 0.55","Synthetic","Tennis","1","1","Buildings","Buildings","0.979654252529144","0.945264279842377","Tennis, Stadium"
975,9794,"Tennis","box: (x1, y1) = (363,304), (x2, y2) = (390,2), width = 27 height = 59 image: width = 640, height = 640 original_ground_resolution = 0.40260918850483585, new ground_resolution = 0.4026091853460352 new_gps_location: 47.60777870098218, -122.31486346480854","https://earth.google.com/web/@47.60777870098218,-122.31486346480854,4.1972381a,15000d","0.90, 0.89, 0.88, 0.53","Synthetic","Tennis","0.99999988079071","1","Buildings","Buildings","0.987532436847687","0.949549376964569","Tennis, Stadium"
976,9794,"Tennis","box: (x1, y1) = (284,303), (x2, y2) = (310,2), width = 26 height = 59 image: width = 640, height = 640 original_ground_resolution = 0.40260918850483585, new ground_resolution = 0.4026091853460352 new_gps_location: 47.607781139368846, -122.31514918409648","https://earth.google.com/web/@47.607781139368846,-122.31514918409648,4.1972381a,15000d","0.89, 0.88, 0.87, 0.56","Synthetic","Tennis","0.999999284744263","0.999998092651367","Buildings","Buildings","0.98591935634613","0.943350672721863","Tennis, Stadium"
977,9794,"Tennis","box: (x1, y1) = (324,303), (x2, y2) = (349,2), width = 25 height = 60 image: width = 640, height = 640 original_ground_resolution = 0.40260918850483585, new ground_resolution = 0.4026091853460352 new_gps_location: 47.60777870098218, -122.31500813280243","https://earth.google.com/web/@47.60777870098218,-122.31500813280243,4.1972381a,15000d","0.89, 0.88, 0.88, 0.55","Synthetic","Tennis","1","1","Buildings","Buildings","0.979654252529144","0.945264279842377","Tennis, Stadium"
862,9796,"Tennis","box: (x1, y1) = (342,199), (x2, y2) = (370,2), width = 28 height = 59 image: width = 640, height = 640 original_ground_resolution = 0.40277370600744405, new ground_resolution = 0.4027737028473526 new_gps_location: 47.586658414335055, -122.31561874560164","https://earth.google.com/web/@47.586658414335055,-122.31561874560164,4.1972381a,15000d","0.88, 0.83","Synthetic","Tennis","0.998214483261108","0.999996185302734","Buildings","Buildings","0.989597737789154","0.695099353790283","Tennis"
863,9796,"Tennis","box: (x1, y1) = (309,199), (x2, y2) = (335,2), width = 26 height = 59 image: width = 640, height = 640 original_ground_resolution = 0.40277370600744405, new ground_resolution = 0.4027737028473526 new_gps_location: 47.586658414335055, -122.31574176364454","https://earth.google.com/web/@47.586658414335055,-122.31574176364454,4.1972381a,15000d","0.86, 0.85","Synthetic","Tennis","0.999565899372101","0.99999213218689","Buildings","Buildings","0.990287661552429","0.763143241405487","Tennis"
978,9796,"Tennis","box: (x1, y1) = (342,199), (x2, y2) = (370,2), width = 28 height = 59 image: width = 640, height = 640 original_ground_resolution = 0.40277370600744405, new ground_resolution = 0.4027737028473526 new_gps_location: 47.586658414335055, -122.31561874560164","https://earth.google.com/web/@47.586658414335055,-122.31561874560164,4.1972381a,15000d","0.88, 0.83","Synthetic","Tennis","0.998214483261108","0.999996185302734","Buildings","Buildings","0.989597737789154","0.695099353790283","Tennis"
979,9796,"Tennis","box: (x1, y1) = (309,199), (x2, y2) = (335,2), width = 26 height = 59 image: width = 640, height = 640 original_ground_resolution = 0.40277370600744405, new ground_resolution = 0.4027737028473526 new_gps_location: 47.586658414335055, -122.31574176364454","https://earth.google.com/web/@47.586658414335055,-122.31574176364454,4.1972381a,15000d","0.86, 0.85","Synthetic","Tennis","0.999565899372101","0.99999213218689","Buildings","Buildings","0.990287661552429","0.763143241405487","Tennis"
864,9797,"Baseball","box: (x1, y1) = (355,159), (x2, y2) = (437,2), width = 82 height = 83 image: width = 640, height = 640 original_ground_resolution = 0.4025480357255166, new ground_resolution = 0.4025480325671957 new_gps_location: 47.616046916529626, -122.3195642725618","https://earth.google.com/web/@47.616046916529626,-122.3195642725618,4.1972381a,15000d","0.89","Turf","Soccer","0.999996066093445","0.975120067596436","Buildings","Buildings","0.654095649719238","0.896100282669067","Baseball"
980,9797,"Baseball","box: (x1, y1) = (355,159), (x2, y2) = (437,2), width = 82 height = 83 image: width = 640, height = 640 original_ground_resolution = 0.4025480357255166, new ground_resolution = 0.4025480325671957 new_gps_location: 47.616046916529626, -122.3195642725618","https://earth.google.com/web/@47.616046916529626,-122.3195642725618,4.1972381a,15000d","0.89","Turf","Soccer","0.999996066093445","0.975120067596436","Buildings","Buildings","0.654095649719238","0.896100282669067","Baseball"
865,9798,"Tennis","box: (x1, y1) = (465,182), (x2, y2) = (492,2), width = 27 height = 58 image: width = 640, height = 640 original_ground_resolution = 0.4024572375980644, new ground_resolution = 0.402457234440456 new_gps_location: 47.62781318273315, -122.27995407709382","https://earth.google.com/web/@47.62781318273315,-122.27995407709382,4.1972381a,15000d","0.92, 0.88, 0.87, 0.88, 0.88, 0.86, 0.86, 0.86, 0.83, 0.80, 0.76","Synthetic","Tennis","0.986246109008789","0.999998211860657","Buildings","Buildings","0.996570110321045","0.842487871646881","Tennis"
866,9798,"Tennis","box: (x1, y1) = (445,90), (x2, y2) = (470,2), width = 25 height = 63 image: width = 640, height = 640 original_ground_resolution = 0.4024572375980644, new ground_resolution = 0.402457234440456 new_gps_location: 47.628032470211274, -122.28002999912565","https://earth.google.com/web/@47.628032470211274,-122.28002999912565,4.1972381a,15000d","0.93, 0.90, 0.88, 0.89, 0.88, 0.88, 0.87, 0.85, 0.83, 0.82, 0.62","Synthetic","Tennis","0.988297641277313","0.886225581169128","Buildings","Buildings","0.993529140949249","0.871908664703369","Tennis"
867,9798,"Tennis","box: (x1, y1) = (288,326), (x2, y2) = (340,2), width = 52 height = 65 image: width = 640, height = 640 original_ground_resolution = 0.4024572375980644, new ground_resolution = 0.402457234440456 new_gps_location: 47.62745501120698, -122.28054699200908","https://earth.google.com/web/@47.62745501120698,-122.28054699200908,4.1972381a,15000d","0.91, 0.90, 0.87, 0.90, 0.89, 0.86, 0.85, 0.84, 0.84, 0.82, 0.70, 0.47","Synthetic","Tennis","0.622681200504303","0.999445140361786","Synthetic","Basketball","0.991119563579559","0.807046830654144","Tennis"
868,9798,"Tennis","box: (x1, y1) = (321,346), (x2, y2) = (373,2), width = 52 height = 62 image: width = 640, height = 640 original_ground_resolution = 0.4024572375980644, new ground_resolution = 0.402457234440456 new_gps_location: 47.627408716748974, -122.28042768595904","https://earth.google.com/web/@47.627408716748974,-122.28042768595904,4.1972381a,15000d","0.93, 0.91, 0.87, 0.88, 0.87, 0.85, 0.85, 0.84, 0.82, 0.81, 0.75","Synthetic","Tennis","0.635387003421783","0.999633312225342","Synthetic","Basketball","0.991606593132019","0.869137465953827","Tennis"
869,9798,"Tennis","box: (x1, y1) = (370,269), (x2, y2) = (420,2), width = 50 height = 64 image: width = 640, height = 640 original_ground_resolution = 0.4024572375980644, new ground_resolution = 0.402457234440456 new_gps_location: 47.62759389433501, -122.2802541498863","https://earth.google.com/web/@47.62759389433501,-122.2802541498863,4.1972381a,15000d","0.91, 0.90, 0.86, 0.90, 0.90, 0.85, 0.85, 0.85, 0.82, 0.82, 0.76","Synthetic","Tennis","0.591856420040131","0.999998331069946","Buildings","Buildings","0.993262112140656","0.811739504337311","Tennis"
870,9798,"Tennis","box: (x1, y1) = (336,252), (x2, y2) = (388,2), width = 52 height = 62 image: width = 640, height = 640 original_ground_resolution = 0.4024572375980644, new ground_resolution = 0.402457234440456 new_gps_location: 47.62763775208824, -122.2803734559363","https://earth.google.com/web/@47.62763775208824,-122.2803734559363,4.1972381a,15000d","0.92, 0.90, 0.89, 0.90, 0.89, 0.88, 0.87, 0.84, 0.82, 0.76, 0.53","Synthetic","Tennis","0.684263408184052","0.999989867210388","Buildings","Buildings","0.99321186542511","0.799471735954285","Tennis"
871,9798,"Tennis","box: (x1, y1) = (256,310), (x2, y2) = (308,2), width = 52 height = 62 image: width = 640, height = 640 original_ground_resolution = 0.4024572375980644, new ground_resolution = 0.402457234440456 new_gps_location: 47.6274964325294, -122.28066268272423","https://earth.google.com/web/@47.6274964325294,-122.28066268272423,4.1972381a,15000d","0.91, 0.90, 0.87, 0.90, 0.87, 0.86, 0.86, 0.86, 0.85, 0.83, 0.66","Synthetic","Tennis","0.577483177185059","0.988921880722046","Synthetic","Basketball","0.994199872016907","0.613351225852966","Tennis"
872,9798,"Tennis","box: (x1, y1) = (305,233), (x2, y2) = (356,2), width = 51 height = 60 image: width = 640, height = 640 original_ground_resolution = 0.4024572375980644, new ground_resolution = 0.402457234440456 new_gps_location: 47.627686482882, -122.28048914665149","https://earth.google.com/web/@47.627686482882,-122.28048914665149,4.1972381a,15000d","0.89, 0.88, 0.87, 0.88, 0.87, 0.86, 0.85, 0.85, 0.84, 0.80, 0.57","Synthetic","Tennis","0.830180048942566","0.999333202838898","Buildings","Buildings","0.992971956729889","0.777937769889832","Tennis"
873,9798,"Tennis","box: (x1, y1) = (400,291), (x2, y2) = (452,2), width = 52 height = 61 image: width = 640, height = 640 original_ground_resolution = 0.4024572375980644, new ground_resolution = 0.402457234440456 new_gps_location: 47.627545163454926, -122.28014207450597","https://earth.google.com/web/@47.627545163454926,-122.28014207450597,4.1972381a,15000d","0.89, 0.89, 0.88, 0.89, 0.88, 0.85, 0.85, 0.84, 0.84, 0.84, 0.68","Synthetic","Tennis","0.707515001296997","0.999997735023499","Buildings","Buildings","0.995087921619415","0.735154509544373","Tennis"
981,9798,"Tennis","box: (x1, y1) = (465,182), (x2, y2) = (492,2), width = 27 height = 58 image: width = 640, height = 640 original_ground_resolution = 0.4024572375980644, new ground_resolution = 0.402457234440456 new_gps_location: 47.62781318273315, -122.27995407709382","https://earth.google.com/web/@47.62781318273315,-122.27995407709382,4.1972381a,15000d","0.92, 0.88, 0.87, 0.88, 0.88, 0.86, 0.86, 0.86, 0.83, 0.80, 0.76","Synthetic","Tennis","0.986246109008789","0.999998211860657","Buildings","Buildings","0.996570110321045","0.842487871646881","Tennis"
982,9798,"Tennis","box: (x1, y1) = (445,90), (x2, y2) = (470,2), width = 25 height = 63 image: width = 640, height = 640 original_ground_resolution = 0.4024572375980644, new ground_resolution = 0.402457234440456 new_gps_location: 47.628032470211274, -122.28002999912565","https://earth.google.com/web/@47.628032470211274,-122.28002999912565,4.1972381a,15000d","0.93, 0.90, 0.88, 0.89, 0.88, 0.88, 0.87, 0.85, 0.83, 0.82, 0.62","Synthetic","Tennis","0.988297641277313","0.886225581169128","Buildings","Buildings","0.993529140949249","0.871908664703369","Tennis"
983,9798,"Tennis","box: (x1, y1) = (288,326), (x2, y2) = (340,2), width = 52 height = 65 image: width = 640, height = 640 original_ground_resolution = 0.4024572375980644, new ground_resolution = 0.402457234440456 new_gps_location: 47.62745501120698, -122.28054699200908","https://earth.google.com/web/@47.62745501120698,-122.28054699200908,4.1972381a,15000d","0.91, 0.90, 0.87, 0.90, 0.89, 0.86, 0.85, 0.84, 0.84, 0.82, 0.70, 0.47","Synthetic","Tennis","0.622681200504303","0.999445140361786","Synthetic","Basketball","0.991119563579559","0.807046830654144","Tennis"
984,9798,"Tennis","box: (x1, y1) = (321,346), (x2, y2) = (373,2), width = 52 height = 62 image: width = 640, height = 640 original_ground_resolution = 0.4024572375980644, new ground_resolution = 0.402457234440456 new_gps_location: 47.627408716748974, -122.28042768595904","https://earth.google.com/web/@47.627408716748974,-122.28042768595904,4.1972381a,15000d","0.93, 0.91, 0.87, 0.88, 0.87, 0.85, 0.85, 0.84, 0.82, 0.81, 0.75","Synthetic","Tennis","0.635387003421783","0.999633312225342","Synthetic","Basketball","0.991606593132019","0.869137465953827","Tennis"
985,9798,"Tennis","box: (x1, y1) = (370,269), (x2, y2) = (420,2), width = 50 height = 64 image: width = 640, height = 640 original_ground_resolution = 0.4024572375980644, new ground_resolution = 0.402457234440456 new_gps_location: 47.62759389433501, -122.2802541498863","https://earth.google.com/web/@47.62759389433501,-122.2802541498863,4.1972381a,15000d","0.91, 0.90, 0.86, 0.90, 0.90, 0.85, 0.85, 0.85, 0.82, 0.82, 0.76","Synthetic","Tennis","0.591856420040131","0.999998331069946","Buildings","Buildings","0.993262112140656","0.811739504337311","Tennis"
986,9798,"Tennis","box: (x1, y1) = (336,252), (x2, y2) = (388,2), width = 52 height = 62 image: width = 640, height = 640 original_ground_resolution = 0.4024572375980644, new ground_resolution = 0.402457234440456 new_gps_location: 47.62763775208824, -122.2803734559363","https://earth.google.com/web/@47.62763775208824,-122.2803734559363,4.1972381a,15000d","0.92, 0.90, 0.89, 0.90, 0.89, 0.88, 0.87, 0.84, 0.82, 0.76, 0.53","Synthetic","Tennis","0.684263408184052","0.999989867210388","Buildings","Buildings","0.99321186542511","0.799471735954285","Tennis"
987,9798,"Tennis","box: (x1, y1) = (256,310), (x2, y2) = (308,2), width = 52 height = 62 image: width = 640, height = 640 original_ground_resolution = 0.4024572375980644, new ground_resolution = 0.402457234440456 new_gps_location: 47.6274964325294, -122.28066268272423","https://earth.google.com/web/@47.6274964325294,-122.28066268272423,4.1972381a,15000d","0.91, 0.90, 0.87, 0.90, 0.87, 0.86, 0.86, 0.86, 0.85, 0.83, 0.66","Synthetic","Tennis","0.577483177185059","0.988921880722046","Synthetic","Basketball","0.994199872016907","0.613351225852966","Tennis"
988,9798,"Tennis","box: (x1, y1) = (305,233), (x2, y2) = (356,2), width = 51 height = 60 image: width = 640, height = 640 original_ground_resolution = 0.4024572375980644, new ground_resolution = 0.402457234440456 new_gps_location: 47.627686482882, -122.28048914665149","https://earth.google.com/web/@47.627686482882,-122.28048914665149,4.1972381a,15000d","0.89, 0.88, 0.87, 0.88, 0.87, 0.86, 0.85, 0.85, 0.84, 0.80, 0.57","Synthetic","Tennis","0.830180048942566","0.999333202838898","Buildings","Buildings","0.992971956729889","0.777937769889832","Tennis"
989,9798,"Tennis","box: (x1, y1) = (400,291), (x2, y2) = (452,2), width = 52 height = 61 image: width = 640, height = 640 original_ground_resolution = 0.4024572375980644, new ground_resolution = 0.402457234440456 new_gps_location: 47.627545163454926, -122.28014207450597","https://earth.google.com/web/@47.627545163454926,-122.28014207450597,4.1972381a,15000d","0.89, 0.89, 0.88, 0.89, 0.88, 0.85, 0.85, 0.84, 0.84, 0.84, 0.68","Synthetic","Tennis","0.707515001296997","0.999997735023499","Buildings","Buildings","0.995087921619415","0.735154509544373","Tennis"
874,9799,"Tennis","box: (x1, y1) = (464,85), (x2, y2) = (493,2), width = 29 height = 62 image: width = 640, height = 640 original_ground_resolution = 0.4026153495415011, new ground_resolution = 0.4026153463826521 new_gps_location: 47.60750744344928, -122.30069475267956","https://earth.google.com/web/@47.60750744344928,-122.30069475267956,4.1972381a,15000d","0.90, 0.70, 0.54, 0.47","Buildings","Buildings","0.999982476234436","0.908967852592468","Grass","Soccer","0.996805667877197","0.593398571014404","Soccer, Tennis, Baseball"
875,9799,"Baseball","box: (x1, y1) = (182,363), (x2, y2) = (301,2), width = 119 height = 115 image: width = 640, height = 640 original_ground_resolution = 0.4026153495415011, new ground_resolution = 0.4026153463826521 new_gps_location: 47.60676615344399, -122.30155192366026","https://earth.google.com/web/@47.60676615344399,-122.30155192366026,4.1972381a,15000d","0.91, 0.90, 0.72, 0.60","Turf","Baseball","0.75238835811615","0.913389027118683","Buildings","Buildings","0.999939918518066","0.513220191001892","Soccer, Tennis, Baseball"
789,9732,"Stadium","box: (x1, y1) = (158,319), (x2, y2) = (493,2), width = 335 height = 240 image: width = 640, height = 640 original_ground_resolution = 0.40230500093112853, new ground_resolution = 0.40230499777471446 new_gps_location: 47.64702596965349, -122.37848293016357","https://earth.google.com/web/@47.64702596965349,-122.37848293016357,4.1972381a,15000d","0.80, 0.67, 0.61","Turf","Soccer","0.999941468238831","0.997227728366852","Buildings","Buildings","0.886102020740509","0.614629745483398","Stadium, Baseball"
990,9799,"Tennis","box: (x1, y1) = (464,85), (x2, y2) = (493,2), width = 29 height = 62 image: width = 640, height = 640 original_ground_resolution = 0.4026153495415011, new ground_resolution = 0.4026153463826521 new_gps_location: 47.60750744344928, -122.30069475267956","https://earth.google.com/web/@47.60750744344928,-122.30069475267956,4.1972381a,15000d","0.90, 0.70, 0.54, 0.47","Buildings","Buildings","0.999982476234436","0.908967852592468","Grass","Soccer","0.996805667877197","0.593398571014404","Soccer, Tennis, Baseball"
991,9799,"Baseball","box: (x1, y1) = (182,363), (x2, y2) = (301,2), width = 119 height = 115 image: width = 640, height = 640 original_ground_resolution = 0.4026153495415011, new ground_resolution = 0.4026153463826521 new_gps_location: 47.60676615344399, -122.30155192366026","https://earth.google.com/web/@47.60676615344399,-122.30155192366026,4.1972381a,15000d","0.91, 0.90, 0.72, 0.60","Turf","Baseball","0.75238835811615","0.913389027118683","Buildings","Buildings","0.999939918518066","0.513220191001892","Soccer, Tennis, Baseball"
876,9800,"Tennis","box: (x1, y1) = (326,327), (x2, y2) = (353,2), width = 27 height = 60 image: width = 640, height = 640 original_ground_resolution = 0.4021340558536634, new ground_resolution = 0.40213405269859054 new_gps_location: 47.669415692486496, -122.3432555637985","https://earth.google.com/web/@47.669415692486496,-122.3432555637985,4.1972381a,15000d","0.89, 0.89, 0.87, 0.88, 0.87, 0.86, 0.86, 0.83, 0.70, 0.67, 0.64, 0.61, 0.49","Synthetic","Tennis","1","0.999997496604919","Grass","Soccer","0.99185186624527","0.736311793327332","Tennis, Baseball"
877,9800,"Tennis","box: (x1, y1) = (326,510), (x2, y2) = (353,2), width = 27 height = 59 image: width = 640, height = 640 original_ground_resolution = 0.4021340558536634, new ground_resolution = 0.40213405269859054 new_gps_location: 47.66897295056581, -122.3432555637985","https://earth.google.com/web/@47.66897295056581,-122.3432555637985,4.1972381a,15000d","0.89, 0.89, 0.87, 0.87, 0.87, 0.84, 0.67, 0.66, 0.64, 0.64, 0.61","Synthetic","Tennis","0.999999403953552","0.999999403953552","Grass","Soccer","0.995395004749298","0.73982959985733","Tennis, Baseball"
878,9800,"Tennis","box: (x1, y1) = (326,418), (x2, y2) = (353,2), width = 27 height = 60 image: width = 640, height = 640 original_ground_resolution = 0.4021340558536634, new ground_resolution = 0.40213405269859054 new_gps_location: 47.669194321995626, -122.3432555637985","https://earth.google.com/web/@47.669194321995626,-122.3432555637985,4.1972381a,15000d","0.89, 0.89, 0.87, 0.88, 0.87, 0.86, 0.85, 0.85, 0.75, 0.74, 0.66, 0.63","Synthetic","Tennis","1","1","Grass","Soccer","0.995676934719086","0.809002935886383","Tennis, Baseball"
879,9800,"Tennis","box: (x1, y1) = (327,230), (x2, y2) = (355,2), width = 28 height = 61 image: width = 640, height = 640 original_ground_resolution = 0.4021340558536634, new ground_resolution = 0.40213405269859054 new_gps_location: 47.669651657800046, -122.3432483389352","https://earth.google.com/web/@47.669651657800046,-122.3432483389352,4.1972381a,15000d","0.89, 0.88, 0.85, 0.88, 0.86, 0.85, 0.77, 0.73, 0.72, 0.45","Synthetic","Tennis","1","0.999999761581421","Grass","Soccer","0.972770094871521","0.723534941673279","Tennis, Baseball"
880,9800,"Tennis","box: (x1, y1) = (327,139), (x2, y2) = (354,2), width = 27 height = 60 image: width = 640, height = 640 original_ground_resolution = 0.4021340558536634, new ground_resolution = 0.40213405269859054 new_gps_location: 47.66987302635112, -122.34325195136685","https://earth.google.com/web/@47.66987302635112,-122.34325195136685,4.1972381a,15000d","0.88, 0.87, 0.85, 0.87, 0.85, 0.83, 0.81, 0.68, 0.64","Synthetic","Tennis","0.999996304512024","1","Grass","Soccer","0.971905052661896","0.494584828615189","Tennis, Baseball"
881,9800,"Tennis","box: (x1, y1) = (293,510), (x2, y2) = (316,2), width = 23 height = 60 image: width = 640, height = 640 original_ground_resolution = 0.4021340558536634, new ground_resolution = 0.40213405269859054 new_gps_location: 47.66897051790752, -122.34338199890654","https://earth.google.com/web/@47.66897051790752,-122.34338199890654,4.1972381a,15000d","0.90, 0.89, 0.87, 0.88, 0.88, 0.87, 0.71, 0.70, 0.69, 0.65, 0.47","Synthetic","Tennis","0.999998331069946","0.999999642372131","Grass","Soccer","0.999036550521851","0.71377021074295","Tennis, Baseball"
882,9800,"Tennis","box: (x1, y1) = (290,328), (x2, y2) = (317,2), width = 27 height = 59 image: width = 640, height = 640 original_ground_resolution = 0.4021340558536634, new ground_resolution = 0.40213405269859054 new_gps_location: 47.669415692486496, -122.3433856113382","https://earth.google.com/web/@47.669415692486496,-122.3433856113382,4.1972381a,15000d","0.89, 0.88, 0.86, 0.87, 0.86, 0.84, 0.78, 0.77, 0.74, 0.59","Synthetic","Tennis","1","0.999995350837708","Grass","Soccer","0.995371162891388","0.665867626667023","Tennis, Baseball"
992,9800,"Tennis","box: (x1, y1) = (326,327), (x2, y2) = (353,2), width = 27 height = 60 image: width = 640, height = 640 original_ground_resolution = 0.4021340558536634, new ground_resolution = 0.40213405269859054 new_gps_location: 47.669415692486496, -122.3432555637985","https://earth.google.com/web/@47.669415692486496,-122.3432555637985,4.1972381a,15000d","0.89, 0.89, 0.87, 0.88, 0.87, 0.86, 0.86, 0.83, 0.70, 0.67, 0.64, 0.61, 0.49","Synthetic","Tennis","1","0.999997496604919","Grass","Soccer","0.99185186624527","0.736311793327332","Tennis, Baseball"
993,9800,"Tennis","box: (x1, y1) = (326,510), (x2, y2) = (353,2), width = 27 height = 59 image: width = 640, height = 640 original_ground_resolution = 0.4021340558536634, new ground_resolution = 0.40213405269859054 new_gps_location: 47.66897295056581, -122.3432555637985","https://earth.google.com/web/@47.66897295056581,-122.3432555637985,4.1972381a,15000d","0.89, 0.89, 0.87, 0.87, 0.87, 0.84, 0.67, 0.66, 0.64, 0.64, 0.61","Synthetic","Tennis","0.999999403953552","0.999999403953552","Grass","Soccer","0.995395004749298","0.73982959985733","Tennis, Baseball"
994,9800,"Tennis","box: (x1, y1) = (326,418), (x2, y2) = (353,2), width = 27 height = 60 image: width = 640, height = 640 original_ground_resolution = 0.4021340558536634, new ground_resolution = 0.40213405269859054 new_gps_location: 47.669194321995626, -122.3432555637985","https://earth.google.com/web/@47.669194321995626,-122.3432555637985,4.1972381a,15000d","0.89, 0.89, 0.87, 0.88, 0.87, 0.86, 0.85, 0.85, 0.75, 0.74, 0.66, 0.63","Synthetic","Tennis","1","1","Grass","Soccer","0.995676934719086","0.809002935886383","Tennis, Baseball"
995,9800,"Tennis","box: (x1, y1) = (327,230), (x2, y2) = (355,2), width = 28 height = 61 image: width = 640, height = 640 original_ground_resolution = 0.4021340558536634, new ground_resolution = 0.40213405269859054 new_gps_location: 47.669651657800046, -122.3432483389352","https://earth.google.com/web/@47.669651657800046,-122.3432483389352,4.1972381a,15000d","0.89, 0.88, 0.85, 0.88, 0.86, 0.85, 0.77, 0.73, 0.72, 0.45","Synthetic","Tennis","1","0.999999761581421","Grass","Soccer","0.972770094871521","0.723534941673279","Tennis, Baseball"
996,9800,"Tennis","box: (x1, y1) = (327,139), (x2, y2) = (354,2), width = 27 height = 60 image: width = 640, height = 640 original_ground_resolution = 0.4021340558536634, new ground_resolution = 0.40213405269859054 new_gps_location: 47.66987302635112, -122.34325195136685","https://earth.google.com/web/@47.66987302635112,-122.34325195136685,4.1972381a,15000d","0.88, 0.87, 0.85, 0.87, 0.85, 0.83, 0.81, 0.68, 0.64","Synthetic","Tennis","0.999996304512024","1","Grass","Soccer","0.971905052661896","0.494584828615189","Tennis, Baseball"
997,9800,"Tennis","box: (x1, y1) = (293,510), (x2, y2) = (316,2), width = 23 height = 60 image: width = 640, height = 640 original_ground_resolution = 0.4021340558536634, new ground_resolution = 0.40213405269859054 new_gps_location: 47.66897051790752, -122.34338199890654","https://earth.google.com/web/@47.66897051790752,-122.34338199890654,4.1972381a,15000d","0.90, 0.89, 0.87, 0.88, 0.88, 0.87, 0.71, 0.70, 0.69, 0.65, 0.47","Synthetic","Tennis","0.999998331069946","0.999999642372131","Grass","Soccer","0.999036550521851","0.71377021074295","Tennis, Baseball"
998,9800,"Tennis","box: (x1, y1) = (290,328), (x2, y2) = (317,2), width = 27 height = 59 image: width = 640, height = 640 original_ground_resolution = 0.4021340558536634, new ground_resolution = 0.40213405269859054 new_gps_location: 47.669415692486496, -122.3433856113382","https://earth.google.com/web/@47.669415692486496,-122.3433856113382,4.1972381a,15000d","0.89, 0.88, 0.86, 0.87, 0.86, 0.84, 0.78, 0.77, 0.74, 0.59","Synthetic","Tennis","1","0.999995350837708","Grass","Soccer","0.995371162891388","0.665867626667023","Tennis, Baseball"
883,9802,"Tennis","box: (x1, y1) = (288,291), (x2, y2) = (315,2), width = 27 height = 59 image: width = 640, height = 640 original_ground_resolution = 0.40322349082579945, new ground_resolution = 0.40322348766217897 new_gps_location: 47.5279541, -122.37002332214615","https://earth.google.com/web/@47.5279541,-122.37002332214615,4.1972381a,15000d","0.87, 0.86, 0.85, 0.86, 0.85, 0.84","Synthetic","Tennis","0.999963998794556","1","Buildings","Buildings","0.820734620094299","0.811721622943878","Tennis"
884,9802,"Tennis","box: (x1, y1) = (288,382), (x2, y2) = (315,2), width = 27 height = 60 image: width = 640, height = 640 original_ground_resolution = 0.40322349082579945, new ground_resolution = 0.40322348766217897 new_gps_location: 47.52772908298112, -122.37002332214615","https://earth.google.com/web/@47.52772908298112,-122.37002332214615,4.1972381a,15000d","0.89, 0.88, 0.87, 0.87, 0.87, 0.85, 0.79","Synthetic","Tennis","1","1","Buildings","Buildings","0.913273274898529","0.765198588371277","Tennis, Baseball"
885,9802,"Tennis","box: (x1, y1) = (374,290), (x2, y2) = (401,2), width = 27 height = 60 image: width = 640, height = 640 original_ground_resolution = 0.40322349082579945, new ground_resolution = 0.40322348766217897 new_gps_location: 47.5279541, -122.36971181137935","https://earth.google.com/web/@47.5279541,-122.36971181137935,4.1972381a,15000d","0.87, 0.86, 0.84, 0.86, 0.85, 0.83","Synthetic","Tennis","0.999998569488525","1","Buildings","Buildings","0.947489321231842","0.836667716503143","Tennis"
886,9802,"Tennis","box: (x1, y1) = (331,382), (x2, y2) = (358,2), width = 27 height = 59 image: width = 640, height = 640 original_ground_resolution = 0.40322349082579945, new ground_resolution = 0.40322348766217897 new_gps_location: 47.527731528823466, -122.36986756676276","https://earth.google.com/web/@47.527731528823466,-122.36986756676276,4.1972381a,15000d","0.89, 0.89, 0.86, 0.89, 0.87, 0.84, 0.76","Synthetic","Tennis","1","1","Buildings","Buildings","0.638206303119659","0.827416896820068","Tennis, Baseball"
887,9802,"Tennis","box: (x1, y1) = (331,291), (x2, y2) = (358,2), width = 27 height = 59 image: width = 640, height = 640 original_ground_resolution = 0.40322349082579945, new ground_resolution = 0.40322348766217897 new_gps_location: 47.5279541, -122.36986756676276","https://earth.google.com/web/@47.5279541,-122.36986756676276,4.1972381a,15000d","0.89, 0.88, 0.84, 0.85, 0.84, 0.83","Synthetic","Tennis","0.99999988079071","1","Buildings","Buildings","0.742614030838013","0.911992967128754","Tennis"
888,9802,"Tennis","box: (x1, y1) = (374,381), (x2, y2) = (400,2), width = 26 height = 59 image: width = 640, height = 640 original_ground_resolution = 0.40322349082579945, new ground_resolution = 0.40322348766217897 new_gps_location: 47.52773397466571, -122.36971181137935","https://earth.google.com/web/@47.52773397466571,-122.36971181137935,4.1972381a,15000d","0.92, 0.89, 0.86, 0.88, 0.88, 0.86, 0.84","Synthetic","Tennis","1","1","Buildings","Buildings","0.933212697505951","0.722816288471222","Tennis, Baseball"
999,9802,"Tennis","box: (x1, y1) = (288,291), (x2, y2) = (315,2), width = 27 height = 59 image: width = 640, height = 640 original_ground_resolution = 0.40322349082579945, new ground_resolution = 0.40322348766217897 new_gps_location: 47.5279541, -122.37002332214615","https://earth.google.com/web/@47.5279541,-122.37002332214615,4.1972381a,15000d","0.87, 0.86, 0.85, 0.86, 0.85, 0.84","Synthetic","Tennis","0.999963998794556","1","Buildings","Buildings","0.820734620094299","0.811721622943878","Tennis"
1000,9802,"Tennis","box: (x1, y1) = (288,382), (x2, y2) = (315,2), width = 27 height = 60 image: width = 640, height = 640 original_ground_resolution = 0.40322349082579945, new ground_resolution = 0.40322348766217897 new_gps_location: 47.52772908298112, -122.37002332214615","https://earth.google.com/web/@47.52772908298112,-122.37002332214615,4.1972381a,15000d","0.89, 0.88, 0.87, 0.87, 0.87, 0.85, 0.79","Synthetic","Tennis","1","1","Buildings","Buildings","0.913273274898529","0.765198588371277","Tennis, Baseball"
1001,9802,"Tennis","box: (x1, y1) = (374,290), (x2, y2) = (401,2), width = 27 height = 60 image: width = 640, height = 640 original_ground_resolution = 0.40322349082579945, new ground_resolution = 0.40322348766217897 new_gps_location: 47.5279541, -122.36971181137935","https://earth.google.com/web/@47.5279541,-122.36971181137935,4.1972381a,15000d","0.87, 0.86, 0.84, 0.86, 0.85, 0.83","Synthetic","Tennis","0.999998569488525","1","Buildings","Buildings","0.947489321231842","0.836667716503143","Tennis"
1002,9802,"Tennis","box: (x1, y1) = (331,382), (x2, y2) = (358,2), width = 27 height = 59 image: width = 640, height = 640 original_ground_resolution = 0.40322349082579945, new ground_resolution = 0.40322348766217897 new_gps_location: 47.527731528823466, -122.36986756676276","https://earth.google.com/web/@47.527731528823466,-122.36986756676276,4.1972381a,15000d","0.89, 0.89, 0.86, 0.89, 0.87, 0.84, 0.76","Synthetic","Tennis","1","1","Buildings","Buildings","0.638206303119659","0.827416896820068","Tennis, Baseball"
1003,9802,"Tennis","box: (x1, y1) = (331,291), (x2, y2) = (358,2), width = 27 height = 59 image: width = 640, height = 640 original_ground_resolution = 0.40322349082579945, new ground_resolution = 0.40322348766217897 new_gps_location: 47.5279541, -122.36986756676276","https://earth.google.com/web/@47.5279541,-122.36986756676276,4.1972381a,15000d","0.89, 0.88, 0.84, 0.85, 0.84, 0.83","Synthetic","Tennis","0.99999988079071","1","Buildings","Buildings","0.742614030838013","0.911992967128754","Tennis"
1004,9802,"Tennis","box: (x1, y1) = (374,381), (x2, y2) = (400,2), width = 26 height = 59 image: width = 640, height = 640 original_ground_resolution = 0.40322349082579945, new ground_resolution = 0.40322348766217897 new_gps_location: 47.52773397466571, -122.36971181137935","https://earth.google.com/web/@47.52773397466571,-122.36971181137935,4.1972381a,15000d","0.92, 0.89, 0.86, 0.88, 0.88, 0.86, 0.84","Synthetic","Tennis","1","1","Buildings","Buildings","0.933212697505951","0.722816288471222","Tennis, Baseball"
889,9803,"Tennis","box: (x1, y1) = (273,238), (x2, y2) = (305,2), width = 32 height = 61 image: width = 640, height = 640 original_ground_resolution = 0.4024246242728398, new ground_resolution = 0.40242462111548727 new_gps_location: 47.631909679654214, -122.3178949662982","https://earth.google.com/web/@47.631909679654214,-122.3178949662982,4.1972381a,15000d","0.79, 0.66, 0.47","Synthetic","Tennis","0.849285960197449","0.996856331825256","Buildings","Buildings","0.999967932701111","0.354109704494476","Tennis"
890,9803,"Stadium","box: (x1, y1) = (370,0), (x2, y2) = (603,2), width = 233 height = 50 image: width = 640, height = 640 original_ground_resolution = 0.4024246242728398, new ground_resolution = 0.40242462111548727 new_gps_location: 47.63250165935257, -122.31718280304813","https://earth.google.com/web/@47.63250165935257,-122.31718280304813,4.1972381a,15000d","0.78, 0.74, 0.65","Synthetic","Basketball","0.999999523162842","0.988095164299011","Buildings","Buildings","0.999789893627167","0.496103078126907","Tennis"
1005,9803,"Tennis","box: (x1, y1) = (273,238), (x2, y2) = (305,2), width = 32 height = 61 image: width = 640, height = 640 original_ground_resolution = 0.4024246242728398, new ground_resolution = 0.40242462111548727 new_gps_location: 47.631909679654214, -122.3178949662982","https://earth.google.com/web/@47.631909679654214,-122.3178949662982,4.1972381a,15000d","0.79, 0.66, 0.47","Synthetic","Tennis","0.849285960197449","0.996856331825256","Buildings","Buildings","0.999967932701111","0.354109704494476","Tennis"
1006,9803,"Stadium","box: (x1, y1) = (370,0), (x2, y2) = (603,2), width = 233 height = 50 image: width = 640, height = 640 original_ground_resolution = 0.4024246242728398, new ground_resolution = 0.40242462111548727 new_gps_location: 47.63250165935257, -122.31718280304813","https://earth.google.com/web/@47.63250165935257,-122.31718280304813,4.1972381a,15000d","0.78, 0.74, 0.65","Synthetic","Basketball","0.999999523162842","0.988095164299011","Buildings","Buildings","0.999789893627167","0.496103078126907","Tennis"
891,9809,"Tennis","box: (x1, y1) = (116,168), (x2, y2) = (143,2), width = 27 height = 59 image: width = 640, height = 640 original_ground_resolution = 0.40261297565811743, new ground_resolution = 0.40261297249928707 new_gps_location: 47.60761832616797, -122.31443029616874","https://earth.google.com/web/@47.60761832616797,-122.31443029616874,4.1972381a,15000d","0.89, 0.86, 0.86, 0.62","Synthetic","Tennis","0.667053997516632","0.691604852676392","Buildings","Buildings","0.982629060745239","0.943638563156128","Tennis, Stadium"
892,9809,"Tennis","box: (x1, y1) = (37,168), (x2, y2) = (63,2), width = 26 height = 57 image: width = 640, height = 640 original_ground_resolution = 0.40261297565811743, new ground_resolution = 0.40261297249928707 new_gps_location: 47.60762076458506, -122.3147160181443","https://earth.google.com/web/@47.60762076458506,-122.3147160181443,4.1972381a,15000d","0.86, 0.86, 0.86, 0.48","Synthetic","Tennis","0.999999165534973","0.999977231025696","Buildings","Buildings","0.981833398342133","0.943093657493591","Tennis, Stadium"
893,9809,"Tennis","box: (x1, y1) = (77,168), (x2, y2) = (102,2), width = 25 height = 59 image: width = 640, height = 640 original_ground_resolution = 0.40261297565811743, new ground_resolution = 0.40261297249928707 new_gps_location: 47.60761832616797, -122.31457496552345","https://earth.google.com/web/@47.60761832616797,-122.31457496552345,4.1972381a,15000d","0.88, 0.86, 0.85, 0.58","Synthetic","Tennis","0.999935030937195","0.99903416633606","Buildings","Buildings","0.979783773422241","0.938422977924347","Tennis, Stadium"
894,9809,"Stadium","box: (x1, y1) = (12,278), (x2, y2) = (217,2), width = 205 height = 342 image: width = 640, height = 640 original_ground_resolution = 0.40261297565811743, new ground_resolution = 0.40261297249928707 new_gps_location: 47.607003841439514, -122.31448454717675","https://earth.google.com/web/@47.607003841439514,-122.31448454717675,4.1972381a,15000d","0.87, 0.86, 0.82, 0.64","Grass","Soccer","0.998485863208771","0.935177326202393","Buildings","Buildings","0.96824437379837","0.925910770893097","Tennis, Stadium"
1007,9809,"Tennis","box: (x1, y1) = (116,168), (x2, y2) = (143,2), width = 27 height = 59 image: width = 640, height = 640 original_ground_resolution = 0.40261297565811743, new ground_resolution = 0.40261297249928707 new_gps_location: 47.60761832616797, -122.31443029616874","https://earth.google.com/web/@47.60761832616797,-122.31443029616874,4.1972381a,15000d","0.89, 0.86, 0.86, 0.62","Synthetic","Tennis","0.667053997516632","0.691604852676392","Buildings","Buildings","0.982629060745239","0.943638563156128","Tennis, Stadium"
1008,9809,"Tennis","box: (x1, y1) = (37,168), (x2, y2) = (63,2), width = 26 height = 57 image: width = 640, height = 640 original_ground_resolution = 0.40261297565811743, new ground_resolution = 0.40261297249928707 new_gps_location: 47.60762076458506, -122.3147160181443","https://earth.google.com/web/@47.60762076458506,-122.3147160181443,4.1972381a,15000d","0.86, 0.86, 0.86, 0.48","Synthetic","Tennis","0.999999165534973","0.999977231025696","Buildings","Buildings","0.981833398342133","0.943093657493591","Tennis, Stadium"
1009,9809,"Tennis","box: (x1, y1) = (77,168), (x2, y2) = (102,2), width = 25 height = 59 image: width = 640, height = 640 original_ground_resolution = 0.40261297565811743, new ground_resolution = 0.40261297249928707 new_gps_location: 47.60761832616797, -122.31457496552345","https://earth.google.com/web/@47.60761832616797,-122.31457496552345,4.1972381a,15000d","0.88, 0.86, 0.85, 0.58","Synthetic","Tennis","0.999935030937195","0.99903416633606","Buildings","Buildings","0.979783773422241","0.938422977924347","Tennis, Stadium"
1010,9809,"Stadium","box: (x1, y1) = (12,278), (x2, y2) = (217,2), width = 205 height = 342 image: width = 640, height = 640 original_ground_resolution = 0.40261297565811743, new ground_resolution = 0.40261297249928707 new_gps_location: 47.607003841439514, -122.31448454717675","https://earth.google.com/web/@47.607003841439514,-122.31448454717675,4.1972381a,15000d","0.87, 0.86, 0.82, 0.64","Grass","Soccer","0.998485863208771","0.935177326202393","Buildings","Buildings","0.96824437379837","0.925910770893097","Tennis, Stadium"
895,9812,"Tennis","box: (x1, y1) = (116,168), (x2, y2) = (143,2), width = 27 height = 59 image: width = 640, height = 640 original_ground_resolution = 0.40261297565811743, new ground_resolution = 0.40261297249928707 new_gps_location: 47.60761832616797, -122.31443029616874","https://earth.google.com/web/@47.60761832616797,-122.31443029616874,4.1972381a,15000d","0.89, 0.86, 0.86, 0.62","Synthetic","Tennis","0.667053997516632","0.691604852676392","Buildings","Buildings","0.982629060745239","0.943638563156128","Tennis, Stadium"
896,9812,"Tennis","box: (x1, y1) = (37,168), (x2, y2) = (63,2), width = 26 height = 57 image: width = 640, height = 640 original_ground_resolution = 0.40261297565811743, new ground_resolution = 0.40261297249928707 new_gps_location: 47.60762076458506, -122.3147160181443","https://earth.google.com/web/@47.60762076458506,-122.3147160181443,4.1972381a,15000d","0.86, 0.86, 0.86, 0.48","Synthetic","Tennis","0.999999165534973","0.999977231025696","Buildings","Buildings","0.981833398342133","0.943093657493591","Tennis, Stadium"
897,9812,"Tennis","box: (x1, y1) = (77,168), (x2, y2) = (102,2), width = 25 height = 59 image: width = 640, height = 640 original_ground_resolution = 0.40261297565811743, new ground_resolution = 0.40261297249928707 new_gps_location: 47.60761832616797, -122.31457496552345","https://earth.google.com/web/@47.60761832616797,-122.31457496552345,4.1972381a,15000d","0.88, 0.86, 0.85, 0.58","Synthetic","Tennis","0.999935030937195","0.99903416633606","Buildings","Buildings","0.979783773422241","0.938422977924347","Tennis, Stadium"
898,9812,"Stadium","box: (x1, y1) = (12,278), (x2, y2) = (217,2), width = 205 height = 342 image: width = 640, height = 640 original_ground_resolution = 0.40261297565811743, new ground_resolution = 0.40261297249928707 new_gps_location: 47.607003841439514, -122.31448454717675","https://earth.google.com/web/@47.607003841439514,-122.31448454717675,4.1972381a,15000d","0.87, 0.86, 0.82, 0.64","Grass","Soccer","0.998485863208771","0.935177326202393","Buildings","Buildings","0.96824437379837","0.925910770893097","Tennis, Stadium"
1011,9812,"Tennis","box: (x1, y1) = (116,168), (x2, y2) = (143,2), width = 27 height = 59 image: width = 640, height = 640 original_ground_resolution = 0.40261297565811743, new ground_resolution = 0.40261297249928707 new_gps_location: 47.60761832616797, -122.31443029616874","https://earth.google.com/web/@47.60761832616797,-122.31443029616874,4.1972381a,15000d","0.89, 0.86, 0.86, 0.62","Synthetic","Tennis","0.667053997516632","0.691604852676392","Buildings","Buildings","0.982629060745239","0.943638563156128","Tennis, Stadium"
1012,9812,"Tennis","box: (x1, y1) = (37,168), (x2, y2) = (63,2), width = 26 height = 57 image: width = 640, height = 640 original_ground_resolution = 0.40261297565811743, new ground_resolution = 0.40261297249928707 new_gps_location: 47.60762076458506, -122.3147160181443","https://earth.google.com/web/@47.60762076458506,-122.3147160181443,4.1972381a,15000d","0.86, 0.86, 0.86, 0.48","Synthetic","Tennis","0.999999165534973","0.999977231025696","Buildings","Buildings","0.981833398342133","0.943093657493591","Tennis, Stadium"
1013,9812,"Tennis","box: (x1, y1) = (77,168), (x2, y2) = (102,2), width = 25 height = 59 image: width = 640, height = 640 original_ground_resolution = 0.40261297565811743, new ground_resolution = 0.40261297249928707 new_gps_location: 47.60761832616797, -122.31457496552345","https://earth.google.com/web/@47.60761832616797,-122.31457496552345,4.1972381a,15000d","0.88, 0.86, 0.85, 0.58","Synthetic","Tennis","0.999935030937195","0.99903416633606","Buildings","Buildings","0.979783773422241","0.938422977924347","Tennis, Stadium"
1014,9812,"Stadium","box: (x1, y1) = (12,278), (x2, y2) = (217,2), width = 205 height = 342 image: width = 640, height = 640 original_ground_resolution = 0.40261297565811743, new ground_resolution = 0.40261297249928707 new_gps_location: 47.607003841439514, -122.31448454717675","https://earth.google.com/web/@47.607003841439514,-122.31448454717675,4.1972381a,15000d","0.87, 0.86, 0.82, 0.64","Grass","Soccer","0.998485863208771","0.935177326202393","Buildings","Buildings","0.96824437379837","0.925910770893097","Tennis, Stadium"
899,9817,"Baseball","box: (x1, y1) = (222,511), (x2, y2) = (305,2), width = 83 height = 82 image: width = 640, height = 640 original_ground_resolution = 0.40253830399113505, new ground_resolution = 0.40253830083289055 new_gps_location: 47.61645299074634, -122.31933311559558","https://earth.google.com/web/@47.61645299074634,-122.31933311559558,4.1972381a,15000d","0.83, 0.57","Buildings","Buildings","0.984026908874512","0.503249228000641","Buildings","Buildings","0.755008220672607","0.922152161598206","Basketball, Baseball"
1015,9817,"Baseball","box: (x1, y1) = (222,511), (x2, y2) = (305,2), width = 83 height = 82 image: width = 640, height = 640 original_ground_resolution = 0.40253830399113505, new ground_resolution = 0.40253830083289055 new_gps_location: 47.61645299074634, -122.31933311559558","https://earth.google.com/web/@47.61645299074634,-122.31933311559558,4.1972381a,15000d","0.83, 0.57","Buildings","Buildings","0.984026908874512","0.503249228000641","Buildings","Buildings","0.755008220672607","0.922152161598206","Basketball, Baseball"
900,9823,"Tennis","box: (x1, y1) = (464,85), (x2, y2) = (493,2), width = 29 height = 62 image: width = 640, height = 640 original_ground_resolution = 0.4026153495415011, new ground_resolution = 0.4026153463826521 new_gps_location: 47.60750744344928, -122.30069475267956","https://earth.google.com/web/@47.60750744344928,-122.30069475267956,4.1972381a,15000d","0.90, 0.70, 0.54, 0.47","Buildings","Buildings","0.999982476234436","0.908967852592468","Grass","Soccer","0.996805667877197","0.593398571014404","Soccer, Tennis, Baseball"
901,9823,"Baseball","box: (x1, y1) = (182,363), (x2, y2) = (301,2), width = 119 height = 115 image: width = 640, height = 640 original_ground_resolution = 0.4026153495415011, new ground_resolution = 0.4026153463826521 new_gps_location: 47.60676615344399, -122.30155192366026","https://earth.google.com/web/@47.60676615344399,-122.30155192366026,4.1972381a,15000d","0.91, 0.90, 0.72, 0.60","Turf","Baseball","0.75238835811615","0.913389027118683","Buildings","Buildings","0.999939918518066","0.513220191001892","Soccer, Tennis, Baseball"
1016,9823,"Tennis","box: (x1, y1) = (464,85), (x2, y2) = (493,2), width = 29 height = 62 image: width = 640, height = 640 original_ground_resolution = 0.4026153495415011, new ground_resolution = 0.4026153463826521 new_gps_location: 47.60750744344928, -122.30069475267956","https://earth.google.com/web/@47.60750744344928,-122.30069475267956,4.1972381a,15000d","0.90, 0.70, 0.54, 0.47","Buildings","Buildings","0.999982476234436","0.908967852592468","Grass","Soccer","0.996805667877197","0.593398571014404","Soccer, Tennis, Baseball"
1017,9823,"Baseball","box: (x1, y1) = (182,363), (x2, y2) = (301,2), width = 119 height = 115 image: width = 640, height = 640 original_ground_resolution = 0.4026153495415011, new ground_resolution = 0.4026153463826521 new_gps_location: 47.60676615344399, -122.30155192366026","https://earth.google.com/web/@47.60676615344399,-122.30155192366026,4.1972381a,15000d","0.91, 0.90, 0.72, 0.60","Turf","Baseball","0.75238835811615","0.913389027118683","Buildings","Buildings","0.999939918518066","0.513220191001892","Soccer, Tennis, Baseball"
902,9825,"Baseball","box: (x1, y1) = (453,504), (x2, y2) = (536,2), width = 83 height = 82 image: width = 640, height = 640 original_ground_resolution = 0.40253848028962425, new ground_resolution = 0.4025384771313783 new_gps_location: 47.61644715313462, -122.31973740474835","https://earth.google.com/web/@47.61644715313462,-122.31973740474835,4.1972381a,15000d","0.85","Buildings","Buildings","0.964529454708099","0.847665667533875","Buildings","Buildings","0.727025091648102","0.520449042320251","Baseball"
903,9825,"Basketball","box: (x1, y1) = (385,499), (x2, y2) = (431,2), width = 46 height = 69 image: width = 640, height = 640 original_ground_resolution = 0.40253848028962425, new ground_resolution = 0.4025384771313783 new_gps_location: 47.61647640377934, -122.32004838630952","https://earth.google.com/web/@47.61647640377934,-122.32004838630952,4.1972381a,15000d","0.91","Buildings","Buildings","0.999907732009888","0.979279577732086","Buildings","Buildings","0.663909196853638","0.895652294158936","Baseball"
1018,9825,"Baseball","box: (x1, y1) = (453,504), (x2, y2) = (536,2), width = 83 height = 82 image: width = 640, height = 640 original_ground_resolution = 0.40253848028962425, new ground_resolution = 0.4025384771313783 new_gps_location: 47.61644715313462, -122.31973740474835","https://earth.google.com/web/@47.61644715313462,-122.31973740474835,4.1972381a,15000d","0.85","Buildings","Buildings","0.964529454708099","0.847665667533875","Buildings","Buildings","0.727025091648102","0.520449042320251","Baseball"
1019,9825,"Basketball","box: (x1, y1) = (385,499), (x2, y2) = (431,2), width = 46 height = 69 image: width = 640, height = 640 original_ground_resolution = 0.40253848028962425, new ground_resolution = 0.4025384771313783 new_gps_location: 47.61647640377934, -122.32004838630952","https://earth.google.com/web/@47.61647640377934,-122.32004838630952,4.1972381a,15000d","0.91","Buildings","Buildings","0.999907732009888","0.979279577732086","Buildings","Buildings","0.663909196853638","0.895652294158936","Baseball"
904,9826,"Baseball","box: (x1, y1) = (0,315), (x2, y2) = (83,2), width = 83 height = 113 image: width = 640, height = 640 original_ground_resolution = 0.4029663833337806, new ground_resolution = 0.40296638017217745 new_gps_location: 47.5612646214462, -122.28517395449464","https://earth.google.com/web/@47.5612646214462,-122.28517395449464,4.1972381a,15000d","0.95, 0.89, 0.57, 0.83, 0.67","Synthetic","Basketball","0.775124609470367","0.712592899799347","Grass","Soccer","0.99338960647583","0.856824994087219","Tennis, Baseball"
1020,9826,"Baseball","box: (x1, y1) = (0,315), (x2, y2) = (83,2), width = 83 height = 113 image: width = 640, height = 640 original_ground_resolution = 0.4029663833337806, new ground_resolution = 0.40296638017217745 new_gps_location: 47.5612646214462, -122.28517395449464","https://earth.google.com/web/@47.5612646214462,-122.28517395449464,4.1972381a,15000d","0.95, 0.89, 0.57, 0.83, 0.67","Synthetic","Basketball","0.775124609470367","0.712592899799347","Grass","Soccer","0.99338960647583","0.856824994087219","Tennis, Baseball"
